#,Name,Play Number,QB Comment,Series,Field Position,Down,Distance,Gain,OFF Group,Personnel,The_Play,Backfield,FIB,Formation,Form Adj Y,Form Adj WR,Form Adj Bunch Stick,Empty,Motion,Motion 2,Motion 3,Protection,Play,Tempo,Run Concept,Pass Concept,Pass Concept 1,Pass Concept 2,Screen Concept,RPO1,ADDON 1,R/P,Pass Result,MOE,QB#,J#,EFF
1,"01 NCCR OFF vs. SCST (09/02/23), Play 001",1,,1,-34,0,10,-2,,11,DAFFY RT Y-IN IRON,GUN,,DAFFY,,,,,IN-Y,,,,IRON,,IRON-STEEL,,,,,,,R,,,4,13,N
2,"01 NCCR OFF vs. SCST (09/02/23), Play 002",2,,1,-32,2,12,-3,,11,DOLPHIN RT FLY S. ERASER,GUN,,DOLPHIN,,,,,,,FLY,,S. ERASER,,PENCIL-PAPER,ERASER,ERASER,,,,,P,,,4,13,N
3,"01 NCCR OFF vs. SCST (09/02/23), Play 003",3,,1,-29,3,15,11,,11,DAFFY LT THURSDAY (Y-IN JILL MARS ANKLE),GUN,,DAFFY,,,,,IN-Y,,,JILL-JACK,JILL MARS ANKLE,THURSDAY,,MARS ANKLE,MARS,ANKLE,,,,P,,,4,10,N
4,"01 NCCR OFF vs. SCST (09/02/23), Play 004",4,,2,-25,0,10,-2,,11,(U) FIB DBL RT OFF H-JET WOLF GARBAGE Z-CRACK,UNDER,X,DBL,OFF,,,,JET-H,,,,WOLF GARBAGE Z-CRACK,,WOLF-JAGUAR SWEEP,,,,,,CRACK-Z,R,,,4,10,N
5,"01 NCCR OFF vs. SCST (09/02/23), Play 005",5,,2,-23,2,12,4,,11F,DUO RT NASTY SPIDER CUT HERO,GUN,,DUO,,NASTY,,,,,,,SPIDER CUT HERO,,BEETLE-SPIDER CUT,HERO,HERO,,,,,R,,,4,13,N
6,"01 NCCR OFF vs. SCST (09/02/23), Play 006",6,,,-27,3,8,,,11,BUMP TROLLY LT THURSDAY,GUN,,TROLLY,,,,,,,BUMP,,THURSDAY,THURSDAY,,,,,,,,X,,PENALTY,4,,N
7,"01 NCCR OFF vs. SCST (09/02/23), Play 007",7,,2,-22,3,13,9,,11,TROLLY LT Y-PLANE BEETLE CUT,GUN,,TROLLY,,,,,PLANE-Y,,,,BEETLE CUT,,BEETLE-SPIDER CUT,,,,,,,R,,,4,13,N
8,"01 NCCR OFF vs. SCST (09/02/23), Play 008",8,,3,-10,0,10,,,21,(U) TRIPS LT Z-CAN S. PITT,UNDER,,TRIPS,,,,,CAN-Z,,,,S. PITT,,PITT,,,,,,,X,,PENALTY,4,28,N
9,"01 NCCR OFF vs. SCST (09/02/23), Play 009",9,,3,-7,2,13,5,,21,(U) TRIPS LT Z-CAN S. PITT,UNDER,,TRIPS,,,,,CAN-Z,,,,S. PITT,,PITT,,,,,,,R,,,4,28,N
10,"01 NCCR OFF vs. SCST (09/02/23), Play 010",10,,3,-12,3,8,,,11,BUMP DUAL RT CLASSY ROCK H-RAILROAD,GUN,,DUAL,,CLASSY,,,,,BUMP,LOAD-ROCK,ROCK H-RAILROAD,,,RAILROAD-H,RAILROAD-H,,,,,P,INT,INT,4,10,N
11,"01 NCCR OFF vs. SCST (09/02/23), Play 011",11,,4,-31,0,10,4,,21,STEP DEUCE RT SLOT BEETLE SLICE,GUN,,DEUCE,,SLOT,,,STEP,,,,BEETLE SLICE,,BEETLE-SPIDER SLICE,,,,,,,R,,,4,1,Y
12,"01 NCCR OFF vs. SCST (09/02/23), Play 012",12,,4,-35,2,6,14,,21,FLEX RT H-IN N. PITT HERO,GUN,,FLEX,,,,,IN-H,,,,N. PITT HERO,,PITT,HERO,HERO,,,,,R,,,4,1,Y
13,"01 NCCR OFF vs. SCST (09/02/23), Play 013",13,,4,-49,1,10,12,,21,FLEX RT H-IN N. PITT HERO,GUN,,FLEX,,,,,IN-H,,,,N. PITT HERO,,PITT,HERO,HERO,,,,,R,,,4,1,Y
14,"01 NCCR OFF vs. SCST (09/02/23), Play 014",14,,4,39,1,10,7,,21,FLEX RT H-IN N. PITT HERO,GUN,,FLEX,,,,,IN-H,,,,N. PITT HERO,,PITT,HERO,HERO,,,,,R,,,4,13,Y
15,"01 NCCR OFF vs. SCST (09/02/23), Play 015",15,#35 BLOCK,4,32,2,3,22,,21,FLEX RT H-IN BEETLE STRAIGHT CRACK,GUN,,FLEX,,,,,IN-H,,,,BEETLE STRAIGHT CRACK,,BEETLE-SPIDER STRAIGHT,,,,,,CRACK,R,,,4,4,Y
16,"01 NCCR OFF vs. SCST (09/02/23), Play 016",16,,4,10,1,10,7,,21,DEUCE RT Z-PLANE LEECH Z-SLICE,GUN,,DEUCE,,,,,PLANE-Z,,,,LEECH Z-SLICE,,ROACH-LEECH SLICE,,,,,,,R,,,4,13,Y
17,"01 NCCR OFF vs. SCST (09/02/23), Play 017",17,,4,3,2,3,1,,21,DEUCE RT Z-PLANE LEECH Z-SLICE,GUN,,DEUCE,,,,,PLANE-Z,,,,LEECH Z-SLICE,,ROACH-LEECH SLICE,,,,,,,R,,,4,1,N
18,"01 NCCR OFF vs. SCST (09/02/23), Play 018",18,,4,2,3,2,,,21,DEUCE RT SLOT THURSDAY,GUN,,DEUCE,,SLOT,,,,,,,THURSDAY,THURSDAY,,,,,,,,X,DEF PENALTY,,4,19,Y
19,"01 NCCR OFF vs. SCST (09/02/23), Play 019",19,,4,1,3,1,1,,12,(PEEK) DEUCE RT SLOT LION OLY,GUN,,DEUCE,,SLOT,,,,,,,LION OLY,PEEK,BEAR-LION OMAR,,,,,,,R,,,4,4,Y
20,"01 NCCR OFF vs. SCST (09/02/23), Play 020",20,,5,-25,0,10,8,,21,DEUCE LT SLOT LEECH MIKE,GUN,,DEUCE,,SLOT,,,,,,,LEECH MIKE,,ROACH-LEECH MIKE,,,,,,,R,,,4,1,Y
21,"01 NCCR OFF vs. SCST (09/02/23), Play 021",21,,5,-33,2,2,1,,21,FLEX LT H-IN SPIDER STRAIGHT CRACK,GUN,,FLEX,,,,,IN-H,,,,SPIDER STRAIGHT CRACK,,BEETLE-SPIDER STRAIGHT,,,,,,CRACK,P,,,4,81,N
22,"01 NCCR OFF vs. SCST (09/02/23), Play 022",22,,5,-34,3,1,16,,21,NINER BUG,GUN,,TRAIN,,,BILLY,,,,,,NINER BUG,NINER,BEETLE-SPIDER QK,,,,,,,R,,,4,1,Y
23,"01 NCCR OFF vs. SCST (09/02/23), Play 023",23,,5,50,1,10,,,12,DEUCE RT SLOT S. CALI GRONK GOAT,GUN,,DEUCE,,SLOT,,,,,,CALI,S. CALI GRONK GOAT,,,GRONK GOAT,GRONK,GOAT,,,,X,,PENALTY,4,4,N
24,"01 NCCR OFF vs. SCST (09/02/23), Play 024",24,,5,50,1,10,-2,,21,DEUCE RT SLOT ROACH MIKE,GUN,,DEUCE,,SLOT,,,,,,,ROACH MIKE,,ROACH-LEECH MIKE,,,,,,,R,,,4,28,N
25,"01 NCCR OFF vs. SCST (09/02/23), Play 025",25,,5,-48,2,12,,,11,DAFFY RT FLY LOAD SLOP R-SWING,GUN,,DAFFY,,,,,,,FLY,LOAD-ROCK,LOAD SLOP R-SWING,,,SLOP SWING-R,SLOP,SWING-R,,,,X,,PENALTY,4,28,N
26,"01 NCCR OFF vs. SCST (09/02/23), Play 026",26,,5,-40,2,20,15,,11,DUAL LT OFF NASTY STEEL Z-POP,GUN,,DUAL,OFF,NASTY,,,,,,,STEEL Z-POP,,IRON-STEEL,,,,,POP-Z,,P,,,4,19,Y
27,"01 NCCR OFF vs. SCST (09/02/23), Play 027",27,,5,45,3,5,,,11,DOLPHIN LT THURSDAY,GUN,,DOLPHIN,,,,,,,,,THURSDAY,THURSDAY,,,,,,,,X,DEF PENALTY,,4,,Y
28,"01 NCCR OFF vs. SCST (09/02/23), Play 028",28,,5,30,1,10,10,,21,FLEX LT H-IN S. PITT HERO,GUN,,FLEX,,,,,IN-H,,,,S. PITT HERO,,PITT,HERO,HERO,,,,,R,,,4,1,Y
29,"01 NCCR OFF vs. SCST (09/02/23), Play 029",29,,5,20,1,10,14,,21,FIB FLEX RT H-IN BEETLE STRAIGHT CRACK,GUN,X,FLEX,,,,,IN-H,,,,BEETLE STRAIGHT CRACK,,BEETLE-SPIDER STRAIGHT,,,,,STRAIGHT,CRACK,R,,,4,4,Y
30,"01 NCCR OFF vs. SCST (09/02/23), Play 030",30,,5,6,1,6,6,,21,DEUCE RT Z-PLANE LEECH Z-SLICE,GUN,,DEUCE,,,,,PLANE-Z,,,,LEECH Z-SLICE,,ROACH-LEECH SLICE,,,,,,,R,,,4,1,Y
31,"01 NCCR OFF vs. SCST (09/02/23), Play 031",31,#86 HARD RUN,6,-18,0,10,10,,12,FLEX LT H-PLANE LEECH STREET,GUN,,FLEX,,,,,PLANE-H,,,,LEECH STREET,2 MINUTE,ROACH-LEECH STREET,,,,,STREET,,P,,,4,86,Y
32,"01 NCCR OFF vs. SCST (09/02/23), Play 032",32,,6,-28,1,10,5,,12,FLANK RT SQUEEZE QK JACK SPACING X-STICK,GUN,,FLANK,,SQUEEZE,,,,,,JILL-JACK QK,QK JACK SPACING X-STICK,2 MINUTE,,SPACING STICK-X,SPACING,STICK-X,,,,P,,,4,81,Y
33,"01 NCCR OFF vs. SCST (09/02/23), Play 033",33,,6,-33,2,5,16,,11,DUAL RT OFF F-JACK BOOT ICE,GUN,,DUAL,OFF,,,,,,,JILL-JACK,F-JACK BOOT ICE,2 MINUTE,,BOOT ICE,BOOT,ICE,,,,P,,,4,19,Y
34,"01 NCCR OFF vs. SCST (09/02/23), Play 034",34,,6,-49,1,10,0,,11,DUAL RT JACK Y-PUNCH DANCER,GUN,,DUAL,,,,,,,,JILL-JACK,JACK Y-PUNCH DANCER,2 MINUTE,,PUNCH-Y DANCER,PUNCH-Y,DANCER,,,,P,,,4,19,N
35,"01 NCCR OFF vs. SCST (09/02/23), Play 035",35,,6,-49,2,10,8,,11,DOLPHIN RT FLY S. ERASER,GUN,,DOLPHIN,,,,,,,FLY,,S. ERASER,2 MINUTE,PENCIL-PAPER,ERASER,ERASER,,,,,R,,,4,4,Y
36,"01 NCCR OFF vs. SCST (09/02/23), Play 036",36,HELL YEAH,6,43,3,2,4,,11,NINER BUG,GUN,,TRAIN,,,BILLY,,,,,,NINER BUG,NINER,BEETLE-SPIDER QK,,,,,,,R,,,4,13,Y
37,"01 NCCR OFF vs. SCST (09/02/23), Play 037",37,,6,39,1,10,15,,11,DUAL RT OFF F-JACK BOOT ICE,GUN,,DUAL,OFF,,,,,,,JILL-JACK,F-JACK BOOT ICE,2 MINUTE,,BOOT ICE,BOOT,ICE,,,,P,,,4,19,Y
38,"01 NCCR OFF vs. SCST (09/02/23), Play 038",38,,6,24,1,10,-6,,11,Z-TANGO RT ROCK SMASH CUBE,GUN,,TANGO,,,,,,,,LOAD-ROCK,ROCK SMASH CUBE,2 MINUTE,,SMASH CUBE,SMASH,CUBE,,,,P,,SACK,4,4,N
39,"01 NCCR OFF vs. SCST (09/02/23), Play 039",39,,6,30,2,16,3,,11,BOOM,GUN,,DICE,,,,,,,,JILL-JACK,BOOM,2 MINUTE,,BOOM,BOOM,,,,,P,,,4,18,N
40,"01 NCCR OFF vs. SCST (09/02/23), Play 040",40,,6,27,3,13,0,,11,TROLLY LT ROCK PIN SPROLES,GUN,,TROLLY,,,,,,,,LOAD-ROCK,ROACK PIN SPROLES,2 MINUTE,,PIN SPROLES,PIN,SPROLES,,,,P,DROP,DROP,4,13,N
41,"01 NCCR OFF vs. SCST (09/02/23), Play 041",41,,7,-15,0,10,2,,12,DEUCE LT SLOT LEECH,GUN,,DEUCE,,SLOT,,,,,,,LEECH,,ROACH-LEECH,,,,,,,R,,,4,13,N
42,"01 NCCR OFF vs. SCST (09/02/23), Play 042",42,,7,-17,2,8,-6,,12,DEUCE LT SLOT LEECH STRAIGHT,GUN,,DEUCE,,SLOT,,,,,,,LEECH STRAIGHT,,ROACH-LEECH STRAIGHT,,,,,STRAIGHT,,R,,,4,4,N
43,"01 NCCR OFF vs. SCST (09/02/23), Play 043",43,,7,-11,3,14,7,,11,TROLLY RT THURSDAY (Y-PLANE SPIDER CUT),GUN,,TROLLY,,,,,PLANE-Y,,,,SPIDER CUT,THURSDAY,BEETLE-SPIDER CUT,,,,,,,R,,,4,0,N
44,"01 NCCR OFF vs. SCST (09/02/23), Play 044",44,,8,-3,0,10,0,,22-Z,NEAR RT TITE ROACH SLICE,UNDER,,NEAR,,TITE,,,,,,,ROACH SLICE,,ROACH-LEECH SLICE,,,,,,,R,,,4,13,N
45,"01 NCCR OFF vs. SCST (09/02/23), Play 045",45,,8,-3,2,10,1,,22-Z,NEAR RT TITE ROACH SLICE,UNDER,,NEAR,,TITE,,,,,,,ROACH SLICE,,ROACH-LEECH SLICE,,,,,,,R,,,4,1,N
46,"01 NCCR OFF vs. SCST (09/02/23), Play 046",46,,8,-4,3,9,-3,,12,FLANK LT THURSDAY (LEECH CUT),GUN,,FLANK,,,,,,,,,LEECH CUT,THURSDAY,ROACH-LEECH CUT,,,,,,,R,,,4,1,N
47,"01 NCCR OFF vs. SCST (09/02/23), Play 047",47,,9,-35,0,10,3,,11,TRAFFIX LT OFF X-JET WOLF BROOM,GUN,,TRAFFIX,OFF,,,,JET-X,,,,WOLF BROOM,,WOLF-JAGUAR SWEEP,,,,,,,P,,,4,12,N
48,"01 NCCR OFF vs. SCST (09/02/23), Play 048",48,,9,-38,2,7,7,,11,FIB DBL RT H-BOMBER IRON,GUN,X,DBL,,,,,BOMBER-H,,,,IRON,,IRON-STEEL,,,,,,,R,,,4,0,Y
49,"01 NCCR OFF vs. SCST (09/02/23), Play 049",49,,9,-45,1,10,7,,11,(PEEK) Z-TANGO LT SPIDER R-SWEEP Z-BUBBLE (CK SPIDER Z-BUBBLE),GUN,,TANGO,,,,,,,,,SPIDER Z-BUBBLE,PEEK,BEETLE-SPIDER,,,,,,BUBBLE-Z,R,,,4,0,Y
50,"01 NCCR OFF vs. SCST (09/02/23), Play 050",50,#0 HARD RUN,9,48,2,3,17,,11F,Z-TOXIC RT Y-CREEP WOLF BOB,GUN,,TOXIC,,,,,CREEP-Y,,,,WOLF BOB,,WOLF-JAGUAR BOB,,,,,,,R,,,4,0,Y
51,"01 NCCR OFF vs. SCST (09/02/23), Play 051",51,#35 BLOCK,9,31,1,10,2,,11F,Z-TOXIC LT SPIDER MIKE,GUN,,TOXIC,,,,,,,,,SPIDER MIKE,,BEETLE-SPIDER MIKE,,,,,,,R,,,4,1,N
52,"01 NCCR OFF vs. SCST (09/02/23), Play 052",52,,9,29,2,8,5,,11,(U) H-TANGO LT BILLY H-JET JAGUAR GARBAGE,UNDER,,TANGO,,,BILLY,,JET-H,,,,JAGUAR GARBAGE,,WOLF-JAGUAR SWEEP,,,,,,,R,,,4,10,Y
53,"01 NCCR OFF vs. SCST (09/02/23), Play 053",53,,9,24,3,3,2,,11,NINER BUG,GUN,,TRAIN,,,BILLY,,,,,,NINER BUG,NINER,BEETLE-SPIDER QK,,,,,,,R,,,4,0,N
54,"01 NCCR OFF vs. SCST (09/02/23), Play 054",54,HELL YEAH,9,21,4,1,2,,22-Z,DOT LT SLOT Z-IN SNEAKER,UNDER,,DOT,,SLOT,,,,,,,SNEAKER,,SNEAKER,,,,,,,R,,,4,4,Y
55,"01 NCCR OFF vs. SCST (09/02/23), Play 055",55,,9,19,1,10,5,,12,FLEX LT H-IN S. PITT HERO,GUN,,FLEX,,,,,IN-H,,,,S. PITT HERO,,PITT,HERO,HERO,,,,,R,,,4,0,Y
56,"01 NCCR OFF vs. SCST (09/02/23), Play 056",56,,9,14,2,5,1,,12,FLEX LT H-PLANE LEECH STREET,GUN,,FLEX,,,,,PLANE-H,,,,LEECH STREET,,ROACH-LEECH STREET,,,,,STREET,,R,,,4,0,N
57,"01 NCCR OFF vs. SCST (09/02/23), Play 057",57,,9,13,3,4,-1,,12,YAHOO FLANK LT THURSDAY (QK JILL SPACING X-STICK),GUN,,FLANK,,,,,YAHOO,,,JILL-JACK QK,QK JILL SPACING X-STICK,THURSDAY,,SPACING SLAY,SPACING,,,,,P,,SACK,4,4,N
58,"01 NCCR OFF vs. SCST (09/02/23), Play 058",58,,10,50,0,10,3,,21,(U) TRIPS RT Z-CAN N. PITT,UNDER,,TRIPS,,,,,CAN-Z,,,,N. PITT,,PITT,,,,,,,R,,,4,28,N
59,"01 NCCR OFF vs. SCST (09/02/23), Play 059",59,,10,47,2,7,11,,21,FIB THIEF LT BILLY Z-TOPGUN LEECH CUT X-STICK,GUN,X,THIEF,,,BILLY,,TOPGUN-Z,,,,LEECH CUT X-STICK,,ROACH-LEECH CUT,STICK-X,STICK-X,,,,,P,,,4,2,Y
60,"01 NCCR OFF vs. SCST (09/02/23), Play 060",60,,10,36,1,10,0,,12,DEUCE RT SLOT N. TEXAS Z-SKI,GUN,,DEUCE,,SLOT,,,,,,TEXAS,N. TEXAS Z-SKI,,,SKI-Z,SKI-Z,,,,,P,DROP,DROP,4,10,N
61,"01 NCCR OFF vs. SCST (09/02/23), Play 061",61,#19 BLOCK,10,36,2,10,36,,12,(PEEK) FLANK RT H-CREEP ROACH STREET,GUN,,FLANK,,,,,CREEP-H,,,,ROACH STREET,PEEK,ROACH-LEECH STREET,,,,,STREET,,P,,,4,86,Y
62,"01 NCCR OFF vs. SCST (09/02/23), Play 062",62,,11,22,0,10,1,,21,(U) TRIPS LT Z-CAN S. PITT,UNDER,,TRIPS,,,,,CAN-Z,,,,S. PITT,,PITT,,,,,,,R,,,4,0,N
63,"01 NCCR OFF vs. SCST (09/02/23), Play 063",63,,11,21,2,9,0,,21,FLANK RT SQUEEZE QK JACK SPACING X-STICK,GUN,,FLANK,,SQUEEZE,,,,,,JILL-JACK QK,QK JACK SPACING X-STICK,,,SPACING STICK-X,SPACING,,,,,P,,,4,22,N
64,"01 NCCR OFF vs. SCST (09/02/23), Play 064",64,,11,21,3,9,12,,11,DAFFY RT FLY LOAD SLOP R-SWING,GUN,,DAFFY,,,,,,,FLY,LOAD-ROCK,LOAD SLOP R-SWING,,,SLOP SWING-R,SLOP,,,,,P,,,4,4,Y
65,"01 NCCR OFF vs. SCST (09/02/23), Play 065",65,,11,9,1,9,3,,11,(PEEK) TRAIN LT OFF LION OLY,GUN,,TRAIN,OFF,,,,,,,,LION OLY,PEEK,BEAR-LION OMAR,,,,,,,R,,,4,4,N
66,"01 NCCR OFF vs. SCST (09/02/23), Play 066",66,,11,6,2,6,-1,,12,FLANK LT H-CREEP LEECH STREET,GUN,,FLANK,,,,,CREEP-H,,,,LEECH STREET,,ROACH-LEECH STREET,,,,,STREET,,R,,,4,28,N
67,"01 NCCR OFF vs. SCST (09/02/23), Play 067",67,,11,7,3,7,,,12,FIB DEUCE RT SLOT BEETLE STREET,GUN,X,DEUCE,,SLOT,,,,,,,BEETLE STREET,,BEETLE-SPIDER STREET,,,,,STREET,,P,INT,INT,4,17,N
68,"01 NCCR OFF vs. SCST (09/02/23), Play 068",68,,12,-41,0,10,8,,11,Z-TOXIC LT Y-CREEP JAGUAR BOB,GUN,,TOXIC,,,,,CREEP-Y,,,,JAGUAR BOB,4 MINUTE,WOLF-JAGUAR BOB,,,,,,,R,,,11,13,Y
69,"01 NCCR OFF vs. SCST (09/02/23), Play 069",69,,12,-49,2,2,5,,11,Z-TOXIC LT Y-CREEP JAGUAR BOB,GUN,,TOXIC,,,,,CREEP-Y,,,,JAGUAR BOB,4 MINUTE,WOLF-JAGUAR BOB,,,,,,,R,,,11,13,Y
70,"01 NCCR OFF vs. SCST (09/02/23), Play 070",70,,12,46,1,10,-2,,,VICTORY,,,,,,,,,,,,VICTORY,4 MINUTE,,,,,,,,X,,,11,,N
71,"01 NCCR OFF vs. MDUN (09/09/23), Play 001",1,,1,-25,0,10,4,,11,TRAIN LT OX FLASH AKRON EDGE,GUN,,TRAIN,,OX,,,,,,,AKRON EDGE,,CLEVELAND-AKRON EDGE,,,,,,,R,,,4,4,Y
72,"01 NCCR OFF vs. MDUN (09/09/23), Play 002",2,,1,-29,2,6,6,,23,(P) FIB Z-TANGO LT BILLY S. CINCY EDGE Z-BOSS,PISTOL,X,TANGO,,,BILLY,,,,,,S. CINCY EDGE Z-BOSS,,CINCY EDGE BOSS,,,,,,BOSS-Z,R,,,4,1,Y
73,"01 NCCR OFF vs. MDUN (09/09/23), Play 003",3,,1,-35,1,10,9,,21,TROUBLE LT H-IN S. PITT COVER Z-CRACK,GUN,,TROUBLE,,,,,IN-H,,,,S. PITT COVER Z-CRACK,,PITT COVER,,,,,,CRACK-Z,R,,,4,0,Y
74,"01 NCCR OFF vs. MDUN (09/09/23), Play 004",4,,1,-44,2,1,8,,21,NINER THURSDAY (CK. BEETLE FOLLOW),GUN,,TRAIN,,,BILLY,,,,,,BEETLE FOLLOW,THURSDAY,BEETLE-SPIDER FOLLOW,,,,,,,R,,,4,4,Y
75,"01 NCCR OFF vs. MDUN (09/09/23), Play 005",5,,1,48,1,10,48,,21,H-TORCH RT H-IN S. GOLFER SAIL,GUN,,TORCH,,,,,IN-H,,,GOLFER,S. GOLFER SAIL,,,GOLFER SAIL,GOLFER,SAIL,,,,P,C,,4,12,Y
76,"01 NCCR OFF vs. MDUN (09/09/23), Play 006",6,,2,-40,0,10,9,,12,(U) Y-IN FAR RT NASTY N. CINCY,UNDER,,FAR,,,,,IN-Y,,,,N. CINCY,,CINCY,,,,,,,R,,,4,1,Y
77,"01 NCCR OFF vs. MDUN (09/09/23), Play 007",7,,2,-49,2,1,3,,12,TRIPS RT OX BEETLE FOLLOW,GUN,,TRIPS,,OX,,,,,,,BEETLE FOLLOW,,BEETLE-SPIDER FOLLOW,,,,,,,R,,,4,4,Y
78,"01 NCCR OFF vs. MDUN (09/09/23), Play 008",8,,2,48,1,10,-1,,12,SHUFFLE DEUCE RT SLOT N. CINCY,GUN,,DEUCE,,SLOT,,,,,SHUFFLE,,N. CINCY,,CINCY,,,,,,,R,,,4,1,N
79,"01 NCCR OFF vs. MDUN (09/09/23), Play 009",9,,2,49,2,11,0,,12,TROLLY LT OX TEQUILA (CK. WOLF BIBLE),GUN,,TROLLY,,OX,,,,,,,WOLF BIBLE,TEQUILA,WOLF-JAGUAR BIBLE,,,,,,,R,,,4,0,N
80,"01 NCCR OFF vs. MDUN (09/09/23), Play 010",10,,,49,3,11,,,11,DAFFY LT Y-IN LOAD Y-DELAY STAR,GUN,,DAFFY,,,,,IN-Y,,,LOAD-ROCK,LOAD Y-DELAY STAR,,,DELAY-Y STAR,DELAY-Y,STAR,,,,X,,PENALTY,4,,
81,"01 NCCR OFF vs. MDUN (09/09/23), Play 011",11,,2,-46,3,16,7,,11,DAFFY LT Y-IN LOAD Y-DELAY STAR,GUN,,DAFFY,,,,,IN-Y,,,LOAD-ROCK,LOAD Y-DELAY STAR,,,DELAY-Y STAR,DELAY-Y,STAR,,,,P,C,,4,83,N
82,"01 NCCR OFF vs. MDUN (09/09/23), Play 012",12,,3,-35,0,10,1,,21,ROCKY FIB FRISCO RT A N. Q-PITT,EMPTY,X,FRISCO,,A,,X,,,ROCKY,,N. Q-PITT,,PITT Q,,,,,,,R,,,4,4,N
83,"01 NCCR OFF vs. MDUN (09/09/23), Play 013",13,,3,-36,2,9,1,,21,SHUFFLE NEAR LT S. PITT,GUN,,NEAR,,,,,,,SHUFFLE,PITT RENO,S. PITT VEGAS Y-SHALLOW X-STUTTER,,,,,,,,,R,,,4,13,N
84,"01 NCCR OFF vs. MDUN (09/09/23), Play 014",14,,3,-37,3,8,8,,11,PEEK DOLPHIN LT F-JACK Z-BULLS,GUN,,DOLPHIN,,,,,,,,JILL-JACK,F-JACK Z-BULLS,PEEK,,BULLS-Z,BULLS-Z,,,,,P,SC,,4,19,Y
85,"01 NCCR OFF vs. MDUN (09/09/23), Play 015",15,,3,-45,1,10,0,,12,TRIPS LT OX SPIDER FOLLOW,GUN,,TRIPS,,OX,,,,,,,SPIDER FOLLOW,,BEETLE-SPIDER FOLLOW,,,,,,,R,,,4,4,N
86,"01 NCCR OFF vs. MDUN (09/09/23), Play 016",16,,3,-45,2,10,2,,12,FLANK LT H-CREEP TIGER EDGE,GUN,,FLANK,,,,,CREEP-H,,,,TIGER EDGE,,BENGAL-TIGER EDGE,,,,,,,R,,,4,13,N
87,"01 NCCR OFF vs. MDUN (09/09/23), Play 017",17,,3,-47,3,8,0,,12,PEEK TROLLY LT QR-TIGER,GUN,,TROLLY,,,,,,,,,QR-TIGER,PEEK,BENGAL-TIGER QR,,,,,,,R,,,4,4,N
88,"01 NCCR OFF vs. MDUN (09/09/23), Play 018",18,,4,-25,0,10,9,,13-F,(P) DEUCE LT NASTY SPIDER SLICE,PISTOL,,DEUCE,,NASTY,,,,,,,SPIDER SLICE,,BEETLE-SPIDER SLICE,,,,,,,R,,,4,1,Y
89,"01 NCCR OFF vs. MDUN (09/09/23), Play 019",19,,4,-34,2,1,6,,13-F,(P) DEUCE LT NASTY SPIDER SLICE,PISTOL,,DEUCE,,NASTY,,,,,,,SPIDER SLICE,,BEETLE-SPIDER SLICE,,,,,,,R,,,4,0,Y
90,"01 NCCR OFF vs. MDUN (09/09/23), Play 020",20,,4,-40,1,10,5,,12,TROLLY RT SQUEEZE Z-JET N. Q-TAXI R-CUT,GUN,,TROLLY,,SQUEEZE,,,JET-Z,,,,N. Q TAXI R-CUT,,TAXI Q,,,,,,,R,,,4,4,Y
91,"01 NCCR OFF vs. MDUN (09/09/23), Play 021",21,,4,-45,2,5,0,,12,(P) FIB TRIX RT X-IN S. TEXAS MAX Z-SURF,PISTOL,X,TRIX,,,,,IN-X,,,TEXAS MAX,S. TEXAS MAX Z-SURF,,,SURF-Z,SURF-Z,,,,,P,I,DROP,4,19,N
92,"01 NCCR OFF vs. MDUN (09/09/23), Play 022",22,,4,-45,3,5,-3,,11,PEEK DOLPHIN RT F-JILL Z-BULLS,GUN,,DOLPHIN,,,,,,,,JILL-JACK,F-JILL Z-BULLS,PEEK,,BULLS-Z,BULLS-Z,,,,,P,SR,SACK,4,4,N
93,"01 NCCR OFF vs. MDUN (09/09/23), Play 023",23,,5,-25,0,10,3,,13-F,(P) FLANK LT TITE H-CREEP N. CINCY EDGE,PISTOL,,FLANK,,TITE,,,CREEP-H,,,,N. CINCY EDGE,,CINCY EDGE,,,,,,,R,,,4,1,N
94,"01 NCCR OFF vs. MDUN (09/09/23), Play 024",24,,5,-28,2,7,20,,12,TROUBLE LT H-IN S. PITT COVER Z-CRACK,GUN,,TROUBLE,,,,,IN-H,,,,S. PITT COVER Z-CRACK,,PITT COVER,,,,,,,R,,,4,4,Y
95,"01 NCCR OFF vs. MDUN (09/09/23), Play 025",25,,,-48,1,10,,,12,(U) TRIPS RT Z-IN N. PITT VEGAS Y-SHALLOW X-STUTTER,UNDER,,TRIPS,,,,,IN-Z,,,PITT RENO,N. PITT VEGAS Y-SHALLOW X-STUTTER,,,SHALLOW-Y STUTTER-X,SHALLOW-Y,STUTTER-X,,,,X,,PENALTY,4,,
96,"01 NCCR OFF vs. MDUN (09/09/23), Play 026",26,,5,-43,1,15,2,,12,(P) DEUCE LT Z-JET SPIDER VEGAS Y-CULDESAC,PISTOL,,DEUCE,,,,,JET-Z,,,BEETLE-SPIDER RENO,SPIDER VEGAS Y-CULDESAC,,,,,,,CULDESAC-Y,,P,C,,4,18,N
97,"01 NCCR OFF vs. MDUN (09/09/23), Play 027",27,,5,-45,2,13,0,,12,FLANK LT N. TEXAS MAX Z-CAFE,GUN,,FLANK,,,,,,,,TEXAS MAX,N. TEXAS MAX Z-CAFE,,,CAFE-Z,CAFE-Z,,,,,P,I,,4,13,N
98,"01 NCCR OFF vs. MDUN (09/09/23), Play 028",28,,5,-45,3,13,9,,11,TROLLY RT FLY N. ERASER,GUN,,TROLLY,,,,,,,,,N. ERASER,,PENCIL-PAPER,ERASER,ERASER,,,,,R,,,4,4,N
99,"01 NCCR OFF vs. MDUN (09/09/23), Play 029",29,,,46,4,4,,,12,FLANK LT THURSDAY,GUN,,FLANK,,,,,,,,,THURSDAY,THURSDAY,,,,,,,,X,,PENALTY,4,,
100,"01 NCCR OFF vs. MDUN (09/09/23), Play 030",30,,6,-28,0,10,9,,12,FIB DEUCE LT SLOT Z-BOMBER SPIDER SLICE,GUN,X,DEUCE,,SLOT,,,BOMBER-Z,,,,SPIDER SLICE,,BEETLE-SPIDER SLICE,,,,,,,R,,,4,1,Y
101,"01 NCCR OFF vs. MDUN (09/09/23), Play 031",31,,6,-37,2,1,8,,12,HAC DEUCE RT SLOT THURSDAY,GUN,,DEUCE,,SLOT,,,AC-H,,,,THURSDAY,THURSDAY,,,,,,,,P,C,,4,10,Y
102,"01 NCCR OFF vs. MDUN (09/09/23), Play 032",32,,6,-45,1,10,1,,12,HAC DEUCE LT SLOT THURSDAY (CK. (P) S. CINCY),PISTOL,,DEUCE,,SLOT,,,AC-H,,,,S. CINCY,,CINCY,,,,,,,R,,,4,1,N
103,"01 NCCR OFF vs. MDUN (09/09/23), Play 033",33,,6,-46,2,9,0,,12,TRAIN RT OFF FRIDAY LIZZY SUN,GUN,,TRAIN,OFF,,,,,,,LIZZY-RIPPY,LIZZY SUN,,,SUN,SUN,,,,,P,I,,4,12,N
104,"01 NCCR OFF vs. MDUN (09/09/23), Play 034",34,,6,-46,3,9,-5,,11,DAFFY LT Y-IN LOAD Y-DELAY STAR,GUN,,DAFFY,,,,,,,,LOAD-ROCK,LOAD Y-DELAY STAR,,,DELAY-Y STAR,DELAY-Y,STAR,,,,P,SACK,SACK,4,4,N
105,"01 NCCR OFF vs. MDUN (09/09/23), Play 035",35,,7,-20,0,10,16,,12,(P) DEUCE RT OFF CLASSY BEETLE RENO H-TRAIL,PISTOL,,DEUCE,OFF,,,,,,,BEETLE-SPIDER RENO,BEETLE RENO H-TRAIL,,,,,,,TRAIL-H,,P,C,,4,18,Y
106,"01 NCCR OFF vs. MDUN (09/09/23), Play 036",36,,7,-36,1,10,2,,12,NINER BUG,GUN,,TRAIN,,,BILLY,,,,,,NINER BUG,NINER,BEETLE-SPIDER QK,,,,,,,R,,,4,1,N
107,"01 NCCR OFF vs. MDUN (09/09/23), Play 037",37,,7,-38,2,8,0,,21,(P) FIB DEUCE LT SLOT Z-BOMBER SPIDER SLICE,PISTOL,X,DEUCE,,,,,BOMBER-Z,,,,SPIDER SLICE,,BEETLE-SPIDER SLICE,,,,,,,R,,,4,0,N
108,"01 NCCR OFF vs. MDUN (09/09/23), Play 038",38,,7,-38,3,8,-3,,11,TROLLY LT TEQUILA (CK. ROCK PIN SPROLES),GUN,,TROLLY,,,,,,,,LOAD-ROCK,ROCK PIN SPROLES,TEQUILA,,PIN SPROLES,PIN,SPROLES,,,,P,SR,SACK,4,4,N
109,"01 NCCR OFF vs. MDUN (09/09/23), Play 039",39,,8,-25,0,10,11,,21,(U) FIB TRIPS LT Z-IN S. PITT VEGAS Y-SHALLOW X-STUTTER,UNDER,X,TRIPS,,,,,IN-Z,,,PITT RENO,S. PITT VEGAS Y-SHALLOW X-STUTTER,,,SHALLOW-Y STUTTER-X,SHALLOW-Y,STUTTER-X,,,,P,C,,4,18,Y
110,"01 NCCR OFF vs. MDUN (09/09/23), Play 040",40,,8,-36,1,10,-7,,12,DOT RT JACK Y-PUNCH DANCER,GUN,,DOT,,,,,,,,JILL-JACK,JACK Y-PUNCH DANCER,,,PUNCH-Y DANCER,PUNCH-Y,DANCER,,,,P,SACK,SACK,4,4,N
111,"01 NCCR OFF vs. MDUN (09/09/23), Play 041",41,,8,-29,2,17,48,,12,Z-TANGO RT SQUEEZE THURSDAY (CK. JACK Y-MESH),GUN,,TANGO,,SQUEEZE,,,,,,JILL-JACK,JACK Y-MESH,THURSDAY,,MESH-Y,MESH-Y,,,,,P,SR,,4,4,Y
112,"01 NCCR OFF vs. MDUN (09/09/23), Play 042",42,,8,23,1,10,0,,21,FIB DEUCE RT SLOT Z-BOMBER BEETLE SLICE,GUN,X,DEUCE,,SLOT,,,BOMBER-Z,,,,BEETLE SLICE,,BEETLE-SPIDER SLICE,,,,,,,R,,,4,1,N
113,"01 NCCR OFF vs. MDUN (09/09/23), Play 043",43,,8,28,2,15,,,12,H-TORCH LT H-IN N. GOLFER SAIL,GUN,,TORCH,,,,,IN-H,,,GOLFER,N. GOLFER SAIL,,,SAIL,SAIL,,,,,P,INT,INT,4,18,
114,"01 NCCR OFF vs. MDUN (09/09/23), Play 044",44,,9,-25,0,10,0,,12,FIB DOT RT CLASSY S. TEXAS Z-DIG H-TSUNAMI,GUN,X,DOT,,CLASSY,,,,,,TEXAS,S. TEXAS Z-DIG H-TSUNAMI,,,DIG-Z TSUNAMI-H,DIG-Z,TSUNAMI-H,,,,P,I,DROP,4,1,N
115,"01 NCCR OFF vs. MDUN (09/09/23), Play 045",45,,9,-25,2,10,16,,12,FLANK LT LOAD U-TURN LOOKIE,GUN,,FLANK,,,,,,,,LOAD-ROCK,LOAD U-TURN LOOKIE,,,U-TURN LOOKIE,U-TURN,LOOKIE,,,,P,C,,4,19,Y
116,"01 NCCR OFF vs. MDUN (09/09/23), Play 046",46,,9,-41,1,10,0,,12,FLANK LT CLASSY LOAD Z-RAILROAD,GUN,,FLANK,,CLASSY,,,,,,LOAD-ROCK,LOAD Z-RAILROAD,,,RAILROAD-Z,RAILROAD-Z,,,,,P,I,DROP,4,86,N
117,"01 NCCR OFF vs. MDUN (09/09/23), Play 047",47,,9,-41,2,10,15,,12,DOT LT JILL Y-PUNCH DANCER,GUN,,DOT,,,,,,,,JILL-JACK,JILL Y-PUNCH DANCER,,,PUNCH-Y DANCER,PUNCH-Y,DANCER,,,,P,X,,4,12,Y
118,"01 NCCR OFF vs. MDUN (09/09/23), Play 048",48,,9,44,1,10,0,,12,DOT LT JILL Y-PUNCH DANCER,GUN,,DOT,,,,,,,,JILL-JACK,JILL Y-PUNCH DANCER,,,PUNCH-Y DANCER,PUNCH-Y,DANCER,,,,P,I,,4,0,N
119,"01 NCCR OFF vs. MDUN (09/09/23), Play 049",49,,9,44,2,10,-2,,12,TROLLY RT FLY N. ERASER,GUN,,TROLLY,,,,,,,FLY,,N. ERASER,,PENCIL-PAPER,ERASER,ERASER,,,,,R,,,4,4,N
120,"01 NCCR OFF vs. MDUN (09/09/23), Play 050",50,,9,46,3,12,-5,,12,TRAIN RT OFF THURSDAY (CK. BEETLE STRAIGHT),GUN,,TRAIN,OFF,,,,,,,,BEETLE STRAIGHT,THURSDAY,BEETLE-SPIDER STRAIGHT,,,,,STRAIGHT,,R,,FUMBLE,4,4,N
121,"01 NCCR OFF vs. MDUN (09/09/23), Play 051",51,,10,-25,0,10,12,,12,FLANK LT QK JILL SPACING LOOKIE,GUN,,FLANK,,,,,,,,JILL-JACK QK,QK JILL SPACING LOOKIE,,,SPACING LOOKIE,SPACING,LOOKIE,,,,P,C,,11,19,Y
122,"01 NCCR OFF vs. MDUN (09/09/23), Play 052",52,,10,-37,1,10,5,,12,DOT RT CLASSY QK JACK SPACING HERO,GUN,,DOT,,CLASSY,,,,,,JILL-JACK QK,QK JACK SPACING HERO,,,SPACING HERO,SPACING,HERO,,,,P,C,,11,12,Y
123,"01 NCCR OFF vs. MDUN (09/09/23), Play 053",53,,10,-42,2,5,0,,12,TRIPS RT BEETLE,GUN,,TRIPS,,,,,,,,,BEETLE,,BEETLE-SPIDER,,,,,,,R,,,11,0,N
124,"01 NCCR OFF vs. MDUN (09/09/23), Play 054",54,,10,-42,3,5,3,,12,BUMP FLANK RT CLASSY ROCK Z-RAILROAD,GUN,,FLANK,,CLASSY,,,,,BUMP,LOAD-ROCK,ROCK Z-RAILROAD,,,RAILROAD-Z,RAILROAD-Z,,,,,P,C,,11,19,N
125,"01 NCCR OFF vs. MDUN (09/09/23), Play 055",55,,10,-45,4,2,16,,12,BUMP FLANK RT CLASSY ROCK U-TURN LOOKIE,GUN,,FLANK,,CLASSY,,,,,BUMP,LOAD-ROCK,ROCK U-TURN LOOKIE,,,U-TURN LOOKIE,U-TURN,LOOKIE,,,,P,C,,11,12,Y
126,"01 NCCR OFF vs. MDUN (09/09/23), Play 056",56,,10,39,1,10,37,,12,DOT LT JILL Y-PUNCH DANCER,GUN,,DOT,,,,,,,,JILL-JACK,JILL Y-PUNCH DANCER,,,PUNCH-Y DANCER,PUNCH-Y,DANCER,,,,P,C,,11,12,Y
127,"01 NCCR OFF vs. MDUN (09/09/23), Play 057",57,,10,2,1,2,0,,12,TRIPS RT OX THURSDAY (CK. F-S. SPEEDO),GUN,,TRIPS,,,,,,,,,F-S. SPEEDO,THURSDAY,SPEEDO,,,,,,,R,,,11,11,N
128,"01 NCCR OFF vs. MDUN (09/09/23), Play 058",58,,10,2,2,2,1,,13-F,(P) DOT LT SLOT Z-PLANE ROACH Z-SLICE,PISTOL,,DOT,,SLOT,,,PLANE-Z,,,,ROACH Z-SLICE,,ROACH-LEEECH SLICE,,,,,,,R,,,11,28,Y
129,"01 NCCR OFF vs. MDUN (09/09/23), Play 059",59,,10,1,3,1,1,,13-F,(P) DOT LT SLOT Z-PLANE ROACH Z-SLICE,PISTOL,,DOT,,SLOT,,,PLANE-Z,,,,ROACH Z-SLICE,,ROACH-LEEECH SLICE,,,,,,,R,,,11,28,Y
130,"01 NCCR OFF vs. MDUN (09/09/23), Play 060",60,,10,3,5,3,0,,11,TRAIN RT 1 R-HOME JILL BRANCH SLICK,GUN,,TRAIN,,1,,,,,HOME-R,JILL-JACK,JILL BRANCH SLICK,,,BRANCH SLICK,BRANCH,SLICK,,,,P,SI,,11,19,N
131,"03 NCCR OFF vs. GAST (09/16/23), Play 001",1,,1,-38,1,10,9,,12,(U) FIB DEUCE RT WOLF RENO H-SLIDE Y-TARDY,UNDER,X,DEUCE,,,,,SLIDE-H,,,WOLF-JAGUAR RENO,WOLF RENO H-SLIDE Y-TARDY,,,SLIDE-H TARDY-Y,SLIDE-H,TARDY-Y,,,,R,,,4,4,Y
132,"03 NCCR OFF vs. GAST (09/16/23), Play 002",2,,1,-47,2,1,-1,,12,NINER PITT,PISTOL,,TRIPS,,OX,,,,,,,NINER PITT,NINER,PITT,,,,,,,R,,,4,13,N
133,"03 NCCR OFF vs. GAST (09/16/23), Play 003",3,,1,-45,3,2,1,,21,FIRE SNEAKER,UNDER,,TRIX,,,,,YAHOO,JET-X,IN-H,,FIRE SNEAKER,FIRE,SNEAKER,,,,,,,R,,,4,4,N
134,"03 NCCR OFF vs. GAST (09/16/23), Play 004",4,,1,-46,4,1,-2,,21,FIRE WOLF GARBAGE,UNDER,,TRIX,,,,,YAHOO,JET-X,,,FIRE GARBAGE,FIRE,WOLF-JAGUAR SWEEP,,,,,,,R,,,4,12,N
135,"03 NCCR OFF vs. GAST (09/16/23), Play 005",5,,2,-25,1,10,1,,12,YAC FIB TROLLY LT BUNDLE SPIDER BOOK FORCE,GUN,X,TROLLY,,,,,AC-Y,,,,SPIDER BOOK FORCE,,BEETLE-SPIDER BOOK,,,,,,FORCE,P,C,,11,19,N
136,"03 NCCR OFF vs. GAST (09/16/23), Play 006",6,,2,-26,2,9,15,,12,FLANK LT S. LA GRONK HERO,GUN,,FLANK,,,,,,,,LA,S. LA GRONK HERO,,,GRONK HERO,GRONK,HERO,,,,P,C,,11,18,Y
137,"03 NCCR OFF vs. GAST (09/16/23), Play 007",7,,2,-41,1,10,1,,12,BUMP TRAIN RT OFF SQUEEZE N. PABLO,GUN,,TRAIN,,,,,,,BUMP,LOAD-ROCK,N. PABLO,,,PABLO,PABLO,,,,,P,C,,11,13,N
138,"03 NCCR OFF vs. GAST (09/16/23), Play 008",8,,2,-42,2,9,5,,11,DAFFY RT 1 ROCK SLOP CHOP,EMPTY,,DAFFY,,,,,,,,LOAD-ROCK,ROCK SLOP CHOP,,,SLOP CHOP,SLOP,CHOP,,,,P,C,,11,13,Y
139,"03 NCCR OFF vs. GAST (09/16/23), Play 009",9,,2,-47,3,4,0,,11,NINER RAILROAD,GUN,,DUAL,,CLASSY,,,,,,LOAD-ROCK,NINER RAILROAD,NINER,,RAILROAD-H,RAILROAD-H,,,,,P,I,,11,10,N
140,"03 NCCR OFF vs. GAST (09/16/23), Play 010",10,,3,-25,1,10,5,,11,FIB DOUBLE LT OFF H-JET TIGER,GUN,X,DOUBLE,,,,,JET-H,,,,TIGER,,BENGAL-TIGER,,,,,,,R,,,11,1,Y
141,"03 NCCR OFF vs. GAST (09/16/23), Play 011",11,,3,-30,2,5,0,,11,DUAL RT QK JACK SPACING X-STICK,GUN,,DUAL,,,,,,,,JILL-JACK QK,QK JACK SPACING X-STICK,,,SPACING STICK-X,SPACING,STICK-X,,,,P,I,,11,10,N
142,"03 NCCR OFF vs. GAST (09/16/23), Play 012",12,,3,-30,3,5,32,,11,ROCKY TRAIN LT OFF A LOAD Y-DELAY CHOP X-FADE,GUN,,TRAIN,,,,,,,ROCKY,LOAD-ROCK,LOAD Y-DELAY CHOP X-FADE,,,DELAY-Y CHOP FADE-X,DELAY-Y,CHOP,,,FADE-X,P,C,,11,12,Y
143,"03 NCCR OFF vs. GAST (09/16/23), Play 013",13,,3,38,1,10,,,11,DUAL RT JACK Y-PUNCH DANCER,GUN,,DUAL,,,,,,,,JILL-JACK,JACK Y-PUNCH DANCER,,,PUNCH-Y DANCER,PUNCH-Y,DANCER,,,,P,INT,INT,11,12,
144,"03 NCCR OFF vs. GAST (09/16/23), Play 014",14,,4,-25,1,10,-1,,11,(P) FIB TRAIN RT OFF Y-CREEP EAGLES,PISTOL,,TRAIN,,,,,CREEP-Y,,,,EAGLES,,EAGLES-RAVENS,,,,,,,R,,,11,0,N
145,"03 NCCR OFF vs. GAST (09/16/23), Play 015",15,,4,-24,2,11,32,,12,DEUCE LT SLOT N. CALI H-TSUNAMI,GUN,,DEUCE,,,,,,,,CALI,N. CALI H-TSUNAMI,,,TSUNAMI-H,TSUNAMI-H,,,,,P,C,,11,86,Y
146,"03 NCCR OFF vs. GAST (09/16/23), Play 016",16,,4,42,1,10,0,,11,FIB DOUBLE LT OFF H-JET TIGER,GUN,X,DOUBLE,,,,,JET-H,,,,TIGER,,BENGAL-TIGER,,,,,,,R,,,11,0,N
147,"03 NCCR OFF vs. GAST (09/16/23), Play 017",17,,4,42,2,10,5,,11,YAC TRAIN LT OFF S. SPRINTY SMASH,GUN,,TRAIN,,,,,AC-Y,,,SPRINTY,S. SPRINTY SMASH,,,SMASH,SMASH,,,,,P,C,,11,19,Y
148,"03 NCCR OFF vs. GAST (09/16/23), Play 018",18,,4,37,3,5,2,,12,FIB DOUBLE RT H-PLANE BEETLE SLICE,GUN,X,DOUBLE,,,,,PLANE-H,,,,BEETLE SLICE,,BEETLE-SPIDER SLICE,,,,,,,R,,,11,0,Y
149,"03 NCCR OFF vs. GAST (09/16/23), Play 019",19,,4,35,4,3,17,,12,DOS LT F-JILL COAT X-DANGLE,GUN,,DOS,,,,,,,,JILL-JACK,F-JILL COAT X-DANGLE,,,COAT DANGLE-X,COAT,DANGLE-X,,,,P,C,,11,19,Y
150,"03 NCCR OFF vs. GAST (09/16/23), Play 020",20,,4,18,1,10,3,,12,DEUCE LT OFF THURSDAY (CK. BEETLE SLICE),GUN,,DEUCE,,,,,,,,,BEETLE SLICE,,BEETLE-SPIDER SLICE,,,,,,,R,,,11,1,N
151,"03 NCCR OFF vs. GAST (09/16/23), Play 021",21,,4,15,2,7,12,,11,BUMP DUAL LT S. LA GRONK HERO,GUN,,DUAL,,,,,,,BUMP,LA,S. LA GRONK HERO,,,GRONK HERO,GRONK,HERO,,,,P,C,,11,18,Y
152,"03 NCCR OFF vs. GAST (09/16/23), Play 022",22,,4,3,1,3,-2,,23,(U) GL RT S. G-LEAD,UNDER,,GL,,,,,,,,,S. G-LEAD,,G-LEAD,,,,,,,R,,,11,1,N
153,"03 NCCR OFF vs. GAST (09/16/23), Play 023",23,,4,5,2,5,4,,12,DOT LT SLOT Z-PLANE ROACH Y-CULDESAC,GUN,,DOT,,,,,PLANE-Z,,,,ROACH Y-CULDESAC,,ROACH-LEECH CULDESAC-Y,,,,,CULDESAC-Y,,R,,,11,1,Y
154,"03 NCCR OFF vs. GAST (09/16/23), Play 024",24,,4,1,3,1,0,,13-F,DOT LT SLOT Z-PLANE ROACH Z-SLICE,GUN,,DOT,,,,,PLANE-Z,,,,ROACH Z-SLICE,,ROACH-LEECH SLICE,,,,,,,R,,,11,1,N
155,"03 NCCR OFF vs. GAST (09/16/23), Play 025",25,,4,1,4,1,-3,,23,(U) GL LT N. G-LEAD PASS,UNDER,,GL,,,,,,,,G-LEAD PASS,N. G-LEAD PASS,,,G-LEAD PASS,G-LEAD PASS,,,,,P,C,,11,35,N
156,"03 NCCR OFF vs. GAST (09/16/23), Play 026",26,,5,49,1,10,36,,12,DEUCE LT OFF CLASSY N. TEXAS Z-WAVE,GUN,,DEUCE,,,,,,,,TEXAS,N. TEXAS Z-WAVE,,,WAVE-Z,WAVE-Z,,,,,P,C,,11,19,Y
157,"03 NCCR OFF vs. GAST (09/16/23), Play 027",27,,5,13,1,10,3,,12,DEUCE RT OFF THURSDAY (CK. BEETLE SLICE),GUN,,DEUCE,,,,,,,,,BEETLE SLICE,,BEETLE-SPIDER SLICE,,,,,,,R,,,11,1,N
158,"03 NCCR OFF vs. GAST (09/16/23), Play 028",28,,5,10,2,7,3,,12,NINER PITT,PISTOL,,TRIPS,,OX,,,,,,,NINER PITT,NINER,PITT,,,,,,,R,,,11,1,N
159,"03 NCCR OFF vs. GAST (09/16/23), Play 029",29,,5,7,3,4,,,12,DEUCE RT SLOT BEETLE Y-CULDESAC,GUN,,DEUCE,,,,,,,,,BEETLE Y-CULDESAC,,BEETLE-SPIDER CULDESAC,,,,,CULDESAC-Y,,,,PENALTY,11,,
160,"03 NCCR OFF vs. GAST (09/16/23), Play 030",30,,5,12,3,9,0,,12,BUMP FLANK RT SQUEEZE ROCK TOPPER R-WHEEL DRACO,GUN,,FLANK,,SQ,,,,,BUMP,LOAD-ROCK,ROCK TOPPER R-WHEEL DRACO,,,TOPPER R-WHEEL DRACO,TOPPER,DRACO,,,WHEEL-R,P,I,,11,,N
161,"03 NCCR OFF vs. GAST (09/16/23), Play 031",31,,6,42,1,10,0,,11,DUAL RT JACK Y-PUNCH DANCER,GUN,,DUAL,,,,,,,,JILL-JACK,JACK Y-PUNCH DANCER,,,PUNCH-Y DANCER,PUNCH-Y,DANCER,,,,P,I,DROP,11,19,N
162,"03 NCCR OFF vs. GAST (09/16/23), Play 032",32,,6,42,2,10,7,,11,DUAL RT CLASSY ROCK H-RAILROAD,GUN,,DUAL,,CLASSY,,,,,,LOAD-ROCK,ROCK H-RAILROAD,,,RAILROAD-H,RAILROAD-H,,,,,P,C,,11,10,Y
163,"03 NCCR OFF vs. GAST (09/16/23), Play 033",33,,6,35,3,3,0,,11,Z-TANGO RT S. CALI RUBY,GUN,,TANGO,,,,,,,,,S. CALI RUBY,,,,,,LUCY-RUBY CALI,,,P,I,,11,18,N
164,"03 NCCR OFF vs. GAST (09/16/23), Play 034",34,#52 MA. LOAD = SLIDE RT. QB PRESSURE,6,35,4,3,7,,11,FIB DOUBLE LT OFF H-IN LOAD H-SMACK,GUN,X,DOUBLE,,,,,IN-H,,,LOAD-ROCK,LOAD H-SMACK,,,SMACK-H,SMACK-H,,,,,P,C,,11,10,Y
165,"03 NCCR OFF vs. GAST (09/16/23), Play 035",35,,6,28,1,10,15,,11,TRAIN RT JILL H-DRIVE DANCER,GUN,,TRAIN,,,,,,,,JILL-JACK,JILL H-DRIVE DANCER,,,DRIVE-H DANCER,DRIVE-H,DANCER,,,,P,I,,11,19,Y
166,"03 NCCR OFF vs. GAST (09/16/23), Play 036",36,,6,13,1,10,9,,11,Z-TANGO LT N. SPRINT SHOE,GUN,,TANGO,,,,,,,,SPRINT,N. SPRINT SHOE,,,SHOE,SHOE,,,,,P,C,,11,22,Y
167,"03 NCCR OFF vs. GAST (09/16/23), Play 037",37,,6,4,2,1,0,,11,DUAL RT CLASSY QK JACK SPACING X-STICK,GUN,,DUAL,,,,,,,,JILL-JACK QK,QK JACK SPACING X-STICK,,,SPACING STICK-X,SPACING,STICK-X,,,,P,I,,11,10,N
168,"03 NCCR OFF vs. GAST (09/16/23), Play 038",38,,6,4,3,1,4,,11,DUAL RT Z-JET ROACH Z-STREET,GUN,,DUAL,,,,,JET-Z,,,,ROACH Z-STREET,,ROACH-LEECH STREET,,,,,STREET-Z,,P,C,,11,19,Y
169,"03 NCCR OFF vs. GAST (09/16/23), Play 039",39,,7,-25,1,10,5,,11,FIB DOUBLE RT OFF H-IN BEETLE H-TRAIL,GUN,X,DOUBLE,OFF,,,,IN-H,,,,BEETLE H-TRAIL,,BEETLE-SPIDER TRAIL,,,,,TRAIL-H,,R,,,11,13,Y
170,"03 NCCR OFF vs. GAST (09/16/23), Play 040",40,,7,-30,2,5,-4,,11,(P) TRAIN RT OFF Y-CREEP EAGLES,PISTOL,,TRAIN,,,,,CREEP-Y,,,,EAGLES,,EAGLES-RAVENS,,,,,,,R,,,11,13,N
171,"03 NCCR OFF vs. GAST (09/16/23), Play 041",41,,7,-26,3,9,12,,11,YAC TROLLY RT SALLY,GUN,,TROLLY,,,,,,,,,SALLY,,,,,,SALLY-ROSE,,,P,C,,11,13,Y
172,"03 NCCR OFF vs. GAST (09/16/23), Play 042",42,,7,-38,1,10,0,,11,FIB DOUBLE RT OFF H-JET S. CALI Z-BREAKER,GUN,X,DOUBLE,,,,,JET-H,,,CALI,S. CALI Z-BREAKER,,,BREAKER-Z,BREAKER-Z,,,,,P,C,,11,19,N
173,"03 NCCR OFF vs. GAST (09/16/23), Play 043",43,,7,-38,2,10,-13,,12,FLANK LT JILL H-DRIVE ROCKER,GUN,,FLANK,,,,,,,,JILL-JACK,JILL H-DRIVE ROCKER,,,DRIVE-H ROCKER,DRIVE-H,ROCKER,,,,P,,SACK,11,11,N
174,"03 NCCR OFF vs. GAST (09/16/23), Play 044",44,,7,-25,3,23,17,,11,DAFFY LT Y-RT ROCK Z-BULLS,GUN,,DAFFY,,,,,RT-Y,,,LOAD-ROCK,ROCK Z-BULLS,,,BULLS-Z,BULLS-Z,,,,,P,C,,11,19,N
175,"03 NCCR OFF vs. GAST (09/16/23), Play 045",45,,8,-22,1,10,27,,11,Z-TANGO LT N. CALI Z-TSUNAMI,GUN,,TANGO,,,,,,,,CALI,N. CALI Z-TSUNAMI,,,TSUNAMI-Z,TSUNAMI-Z,,,,,P,C,,11,19,Y
176,"03 NCCR OFF vs. GAST (09/16/23), Play 046",46,,8,-49,1,10,-1,,11,Z-TOXIC RT SPIDER CUT,GUN,,TOXIC,,,,,,,,,SPIDER CUT,,BEETLE-SPIDER CUT,,,,,,,R,,,11,1,N
177,"03 NCCR OFF vs. GAST (09/16/23), Play 047",47,#76 BAD SET = QB PRESSURE,8,-48,2,11,-12,,11,DUAL RT NASTY F-JACK CLIPPER DRACO,GUN,,DUAL,,,,,,,,JILL-JACK,F-JACK CLIPPER DRACO,,,CLIPPER DRACO,CLIPPER,DRACO,,,,P,,SACK,11,11,N
178,"03 NCCR OFF vs. GAST (09/16/23), Play 048",48,,8,-36,3,23,14,,11,Z-TANGO RT JACK WRANGLE SPEAR,GUN,,TANGO,,,,,,,,JILL-JACK,JACK WRANGLE SPEAR,,,WRANGLE SPEAR,WRANGLE,SPEAR,,,,P,C,,11,86,N
179,"03 NCCR OFF vs. GAST (09/16/23), Play 049",49,,9,-12,1,10,18,,11,TRAIN LT OFF OX LION OLY,GUN,,TRAIN,,,,,,,,,LION OLY,,BEAR-LION OMAR,,,,,,,R,,,4,21,Y
180,"03 NCCR OFF vs. GAST (09/16/23), Play 050",50,,9,-30,1,10,12,,11,TRAIN RT OFF CLEVELAND MAG,GUN,,TRAIN,,,,,,,,,CLEVELAND MAG,,CLEVELAND-AKRON MAG,,,,,,,R,,,4,21,Y
181,"03 NCCR OFF vs. GAST (09/16/23), Play 051",51,,9,-42,1,10,58,,11,TRAIN LT OFF OX LION OLY,GUN,,TRAIN,,,,,,,,,LION OLY,,BEAR-LION OMAR,,,,,,,R,,,4,4,Y
182,"03 NCCR OFF vs. GAST (09/16/23), Play 052",52,,9,3,5,3,3,,11,H-TANGO LT H-JET IRON Y-SHOP,GUN,,TANGO,,,,,JET-H,,,,IRON Y-SHOP,,IRON-STEEL SHOP,SHOP-Y,SHOP-Y,,,,,R,,,4,18,Y
183,"03 NCCR OFF vs. GAST (09/16/23), Play 053",53,,10,3,5,3,,,12,ZAC Z-TANGO LT IRON R-SHOVEL EDGE Z-STRAIGHT COKE,GUN,,TANGO,,,,,AC-Z,,,,IRON R-SHOVEL EDGE Z-STRAIGHT COKE,,IRON-STEEL SHOVEL,SHOVEL-R,SHOVEL-R,,,STRAIGHT-Z,COKE,P,,PENALTY,4,19,
184,"03 NCCR OFF vs. GAST (09/16/23), Play 054",54,,11,-25,1,10,3,,11,TRAIN LT OFF Y-AGGY SPIDER BOOK FORCE,GUN,,TRAIN,,,,,,,,,SPIDER BOOK FORCE,,BEETLE-SPIDER BOOK,,,,,,FORCE,R,,,4,0,N
185,"03 NCCR OFF vs. GAST (09/16/23), Play 055",55,,11,-28,2,7,1,,11,TRAIN LT OFF OX BEETLE SLIP,GUN,,TRAIN,,,,,,,,,BEETLE SLIP,,BEETLE-SPIDER SLIP,,,,,,,R,,,4,0,N
186,"03 NCCR OFF vs. GAST (09/16/23), Play 056",56,,11,-29,3,6,5,,11,DUAL LT OFF CLASSY F-JILL COAT X-DANGLE,GUN,,DUAL,,,,,,,,JILL-JACK,F-JILL COAT X-DANGLE,,,COAT DANGLE-X,COAT,DANGLE-X,,,,P,C,,11,86,Y
187,"03 NCCR OFF vs. GAST (09/16/23), Play 057",57,,11,-34,4,1,4,,11,(U) TROLLY RT Y-IN JORDAN,UNDER,,TROLLY,,,,,IN-Y,,,,JORDAN,,SNEAKER,,,,,,,R,,,4,4,Y
188,"03 NCCR OFF vs. GAST (09/16/23), Play 058",58,,11,-38,1,10,1,,11,FIB DOUBLE RT OFF H-IN JILL Z-GIFTPUMP H-SMACK,GUN,X,DOUBLE,,,,,IN-H,,,JILL-JACK,JILL Z-GIFT PUMP H-SMACK,,,GIFT PUMP-Z SMACK-H,GIFT PUMP-Z,SMACK-H,,,,P,C,,4,10,N
189,"03 NCCR OFF vs. GAST (09/16/23), Play 059",59,,11,-39,2,9,14,,11,DUAL RT N. LA GRONK HERO,GUN,,DUAL,,,,,,,,LA,N. LA GRONK HERO,,,GRONK HERO,GRONK,HERO,,,,P,SR,,4,4,Y
190,"03 NCCR OFF vs. GAST (09/16/23), Play 060",60,,11,47,1,10,-5,,11,DUAL LT CLASSY QK JILL SPACING X-STICK,GUN,,DUAL,,,,,,,,JILL-JACK QK,QK JILL SPACING X-STICK,,,SPACING STICK-X,SPACING,STICK-X,,,,P,SACK,SACK,11,11,N
191,"03 NCCR OFF vs. GAST (09/16/23), Play 061",61,,11,-48,2,15,-8,,11,DUAL LT CLASSY F-JILL CLIPPER DRACO,GUN,,DUAL,,,,,,,,JILL-JACK,F-JILL CLIPPER DRACO,,,CLIPPER DRACO,CLIPPER,DRACO,,,,P,SACK,SACK,11,11,N
192,"03 NCCR OFF vs. GAST (09/16/23), Play 062",62,,11,-40,3,23,0,,11,TROLLY RT ROCK X-BULLS,GUN,,TROLLY,,,,,,,,LOAD-ROCK,ROCK X-BULLS,,,BULLS-X,BULLS-X,,,,,P,I,,4,2,N
193,"03 NCCR OFF vs. GAST (09/16/23), Play 063",63,,12,-20,1,10,19,,11,FIB DOUBLE LT OFF H-JET N. CALI Z-SURF,GUN,X,DOUBLE,,,,,JET-H,,,CALI,N. CALI Z-SURF,,,SURF-Z,SURF-Z,,,,,P,C,,4,13,Y
194,"03 NCCR OFF vs. GAST (09/16/23), Play 064",64,,12,-39,1,10,0,,11,Z-TANGO RT S. SPRINT SHOE,GUN,,TANGO,,,,,,,,SPRINT,S. SPRINT SHOE,,,SHOE,SHOE,,,,,P,I,,4,83,N
195,"03 NCCR OFF vs. GAST (09/16/23), Play 065",65,,12,-39,2,10,,,11,BUMP DUAL RT CLASSY ROCK H-RAILROAD,GUN,,DUAL,,,,,,,BUMP,LOAD-ROCK,ROCK H-RAILROAD,,,RAILROAD-H,RAILROAD-H,,,,,P,,,4,4,Y
196,"03 NCCR OFF vs. GAST (09/16/23), Play 066",66,,12,46,1,10,0,,11,DUAL RT NASTY ROCK U-TURN LOOKIE,GUN,,DUAL,,,,,,,,LOAD-ROCK,ROCK U-TURN LOOKIE,,,U-TURN LOOKIE,U-TURN,LOOKIE,,,,P,I,,4,13,N
197,"03 NCCR OFF vs. GAST (09/16/23), Play 067",67,#76 PENALTY. TAKES AWAY 3RD DOWN CONVERSION,12,46,2,10,,,11,YAC TROLLY LT ROSE,GUN,,TROLLY,,,,,AC-Y,,,,ROSE,,,,,,SALLY-ROSE,,,P,C,PENALTY,4,13,
198,"03 NCCR OFF vs. GAST (09/16/23), Play 068",68,,12,-44,2,20,4,,11,DUAL RT JACK Y-PUNCH DANCER,GUN,,DUAL,,,,,,,,JILL-JACK,JACK Y-PUNCH DANCER,,,PUNCH-Y DANCER,PUNCH-Y,DANCER,,,,P,SR,,4,4,N
199,"03 NCCR OFF vs. GAST (09/16/23), Play 069",69,,12,-48,3,16,0,,11,Z-TANGO RT S. SPRINT SHOE,GUN,,TANGO,,,,,,,,SPRINT,S. SPRINT SHOE,,,SHOE,SHOE,,,,,P,I,,4,83,N
200,"03 NCCR OFF vs. GAST (09/16/23), Play 070",70,,12,-48,4,16,-9,,11,DUAL RT SPORTSCENTER,GUN,,DUAL,,,,,,,,LOAD-ROCK,SPORTSCENTER,,,SPORTSCENTER,SPORTSCENTER,,,,,P,C,,4,86,N
201,"04 NCCR OFF vs. FLUN (09/23/23), Play 002",2,,1,-25,2,10,3,,11,Z-TOXIC RT Z-JET STEEL Y-SHOP,GUN,,TOXIC,,,,,JET-Z,,,,STEEL Y-SHOP,,IRON-STEEL SHOP,,,,,SHOP-Y,,P,C,,4,81,N
202,"04 NCCR OFF vs. FLUN (09/23/23), Play 004",4,,2,-25,0,10,0,,21,FIB TROUBLE LT OFF H-PLANE H-SLIDE N. CALI Z-SURF,GUN,X,TROUBLE,OFF,,,,PLANE-H,,,CALI SLIDE,H-SLIDE N. CALI Z-SURF,,,SURF-Z SLIDE,SURF-Z,SLIDE,,,,P,I,,11,19,N
203,"04 NCCR OFF vs. FLUN (09/23/23), Play 007",7,,3,-25,0,10,0,,12,DEUCE LT SLOT X-IN N. SPRINTY COAT,GUN,,DEUCE,,SLOT,,,IN-X,,,SPRINTY,N. SPRINTY COAT,,,COAT,COAT,,,,,P,I,,11,19,N
204,"04 NCCR OFF vs. FLUN (09/23/23), Play 010",10,,3,-40,1,10,7,,12,FLANK RT CLASSY QK JILL CHIP HERO SPACING,GUN,,FLANK,,CLASSY,,,,,,JILL-JACK QK CHIP,QK JILL CHIP HERO SPACING,,,HERO SPACING,HERO,SPACING,,,,P,C,,11,10,Y
205,"04 NCCR OFF vs. FLUN (09/23/23), Play 012",12,,3,-47,3,3,0,,12,Z-TANGO RT TEQUILA (CK. Z-TORCH RT ROSE CRACK),GUN,,TORCH,,,,,,,,,ROSE CRACK,TEQUILA,,,,,SALLY-ROSE CRACK,,,P,I,,11,13,N
206,"04 NCCR OFF vs. FLUN (09/23/23), Play 013",13,,4,-25,0,10,-13,,12,(U) FIB DOT RT NASTY X-IN WOLF RENO X-SLIDE Y-TARDY,UNDER,X,DOT,,NASTY,,,IN-X,,,WOLF-JAGUAR RENO,WOLF RENO X-SLIDE Y-TARDY,,,SLIDE-X TARDY-Y,SLIDE-X,TARDY-Y,,,,P,SACK,SACK,11,11,N
207,"04 NCCR OFF vs. FLUN (09/23/23), Play 028",28,,7,32,0,10,-10,,11,DAREDEVIL,GUN,,TRAIN,OFF,OX,,,,,,,DAREDEVIL,,,DAREDEVIL,DAREDEVIL,,,,,P,C,,4,13,N
208,"04 NCCR OFF vs. FLUN (09/23/23), Play 034",34,,8,-36,1,10,9,,12,TRIPS LT OX 1 R-JET S. PITT COVER,EMPTY,,TRIPS,,OX / 1,,X,,,JET-R,,S. PITT COVER,,PITT COVER,,,,,,,R,,,4,21,Y
209,"04 NCCR OFF vs. FLUN (09/23/23), Play 038",38,,9,-38,0,10,1,,12,FIB DUAL LT OFF BEETLE Y-TRAIL,GUN,X,DUAL,OFF,,,,,,,,BEETLE Y-TRAIL,,BEETLE-SPIDER TRAIL,,,,,TRAIL-Y,,R,,,4,21,N
210,"04 NCCR OFF vs. FLUN (09/23/23), Play 048",48,,10,-5,0,10,-4,,12,DEUCE RT SLOT Q-LION BOSS,GUN,,DEUCE,,SLOT,,,,,,,Q-LION BOSS,,BEAR-LION Q BOSS,,,,,,,R,,,4,4,N
211,"04 NCCR OFF vs. FLUN (09/23/23), Play 055",55,,11,-42,2,3,23,,11,TRAIN RT OFF LOAD PIN SPROLES,GUN,,TRAIN,OFF,,,,,,,LOAD-ROCK,LOAD PIN SPROLES,2 MINUTE,,PIN SPROLES,PIN,SPROLES,,,,P,C,,4,10,Y
212,"04 NCCR OFF vs. FLUN (09/23/23), Play 001",1,,1,-25,0,10,0,,11,YAC HAC FIB DUAL RT OFF BEAR OMAR,GUN,X,DUAL,,,,,AC-Y,AC-H,,,BEAR OMAR,,BEAR-LION OMAR,,,,,,,R,,,4,4,N
213,"04 NCCR OFF vs. FLUN (09/23/23), Play 003",3,,1,-28,3,7,4,,11,NINER THURSDAY (CK. JILL CHIP X-LIGHTRAIL),GUN,,TRAIN,,,BILLY,,,,,JILL-JACK CHIP,JILL CHIP X-LIGHTRAIL,NINER,,LIGHTRAIL-X,LIGHTRAIL-X,,,,,P,I,,4,4,N
214,"04 NCCR OFF vs. FLUN (09/23/23), Play 005",5,,2,-25,2,10,1,,21,DEUCE LT SLOT THURSDAY (CK. LEECH MIKE PUNK),GUN,,DEUCE,,SLOT,,,,,,,LEECH-MIKE PUNK,THURSDAY,ROACH-LEECH MIKE,,,,,PUNK,,R,,,11,13,N
215,"04 NCCR OFF vs. FLUN (09/23/23), Play 006",6,,2,-26,3,9,0,,21,NINER JUKE,EMPTY,,JUKE,,,,X,,,,LOAD-ROCK,NINER JUKE,NINER,,JUKE,JUKE,,,,,P,I,,11,19,N
216,"04 NCCR OFF vs. FLUN (09/23/23), Play 008",8,,3,-25,2,10,2,,12,HAC DEUCE LT CLASSY QK JACK CHIP HERO SPACING,GUN,,DEUCE,,CLASSY,,,AC-H,,,JILL-JACK QK CHIP,QK JACK CHIP HERO SPACING,,,HERO SPACING,HERO,SPACING,,,,P,C,,11,84,N
217,"04 NCCR OFF vs. FLUN (09/23/23), Play 009",9,,3,-27,3,8,13,,12,(P) TRAIN RT OFF OX H-BOMBER S. CALI RUBY,PISTOL,,TRAIN,OFF,OX,,,BOMBER-H,,,,S. CALI RUBY,,,,,,CALI LUCY-RUBY,,,P,C,,11,18,Y
218,"04 NCCR OFF vs. FLUN (09/23/23), Play 011",11,,3,-47,2,3,0,,12,TRAIN RT BILLY JILL CHIP X-LIGHTRAIL,GUN,,TRAIN,,,BILLY,,,,,JILL-JACK CHIP,JILL CHIP X-LIGHTRAIL,,,LIGHTRAIL-X,LIGHTRAIL-X,,,,,P,I,,11,10,N
219,"04 NCCR OFF vs. FLUN (09/23/23), Play 014",14,,4,-12,2,23,0,,21,THIEF RT BILLY QK ROACH MIKE,GUN,,THIEF,,,BILLY,,,,,,QK ROACH MIKE,,ROACH-LEECH MIKE QK,,,,,,,R,,,11,13,N
220,"04 NCCR OFF vs. FLUN (09/23/23), Play 015",15,,4,-12,3,23,0,,12,DOLPHIN LT Z-BACK SHOW SALLY CRACK,GUN,,DOLPHIN,,,,,BACK-Z,,,,SHOW SALLY CRACK,,,,,,SALLY-ROSE CRACK,,CRACK,P,I,,11,13,N
221,"04 NCCR OFF vs. FLUN (09/23/23), Play 016",16,,5,-25,0,10,4,,12,DEUCE RT SLOT LION OLY,GUN,,DEUCE,,SLOT,,,,,,,LION OLY,,BEAR-LION OMAR,,,,,,,R,,,4,4,Y
222,"04 NCCR OFF vs. FLUN (09/23/23), Play 017",17,,5,-29,2,6,9,,12,TRIPS RT OX 1 R-JET N. PITT COVER,EMPTY,,TRIPS,,OX / 1,,X,,,JET-R,,N. PITT COVER,,PITT COVER,,,,,,,R,,,4,4,Y
223,"04 NCCR OFF vs. FLUN (09/23/23), Play 018",18,,5,-38,1,10,20,,12,DEUCE LT SLOT BEAR OMAR,GUN,,DEUCE,,SLOT,,,,,,,BEAR OMAR,,BEAR-LION OMAR,,,,,,,R,,,4,21,Y
224,"04 NCCR OFF vs. FLUN (09/23/23), Play 019",19,,5,42,1,10,0,,12,TRIPS LT OX 1 R-JET S. PITT COVER,EMPTY,,TRIPS,,OX / 1,,X,,,JET-R,,S. PITT COVER Z-CRACK,,PITT COVER,,,,,,,R,,,4,4,N
225,"04 NCCR OFF vs. FLUN (09/23/23), Play 020",20,,5,42,2,10,34,,12,TRAIN RT OFF LIZZY SUN SWITCH X-DRAG,GUN,,TRAIN,OFF,,,,,,,LIZZY-RIPPY,LIZZY SUN SWITCH X-DRAG,,,SUN SWITCH DRAG-X,SUN SWITCH,DRAG-X,,,,P,C,,4,18,Y
226,"04 NCCR OFF vs. FLUN (09/23/23), Play 021",21,,5,8,1,8,,,12,YAHOO TRIPS LT OX SPIDER SLICK,GUN,,TRIPS,,OX,,,YAHOO,,,,SPIDER SLICK,,BEETLE-SPIDER,SLICK,SLICK,,,,,X,,PENALTY,4,,
227,"04 NCCR OFF vs. FLUN (09/23/23), Play 022",22,,5,13,1,13,1,,12,DUAL LT OFF H-JET IRON Y-SHOP,GUN,,DUAL,OFF,,,,JET-H,,,,IRON Y-SHOP,,IRON-STEEL SHOP,,,,,SHOP-Y,,P,C,,4,81,N
228,"04 NCCR OFF vs. FLUN (09/23/23), Play 023",23,,5,12,2,12,5,,12,(U) YAHOO TRIPS LT OX SQUEEZE X-JET S. LOOPER Z-CORNER,UNDER,,TRIPS,,OX / SQUEEZE,,,YAHOO,,,LOOPER,S. LOOPER Z-CORNER,,,LOOPER CORNER-Z,LOOPER,CORNER-Z,,,,P,SR,,4,4,N
229,"04 NCCR OFF vs. FLUN (09/23/23), Play 024",24,,5,7,3,7,7,,11,TROLLY RT Q. PAPER RECLINER X-BOW,GUN,,TROLLY,,,,,,,,,Q-PAPER RECLINER X-BOW,,PENCIL-PAPER Q,RECLINER BOW-X,RECLINER,BOW-X,,,,R,,,4,4,Y
230,"04 NCCR OFF vs. FLUN (09/23/23), Play 025",25,,6,-19,0,10,2,,11,YAC TRAIN LT S. GOLFER SAIL,GUN,,TRAIN,,,,,AC-Y,,,GOLFER,S. GOLFER SAIL,,,GOLFER SAIL,GOLFER,SAIL,,,,P,SR,,4,4,N
231,"04 NCCR OFF vs. FLUN (09/23/23), Play 026",26,,6,-21,2,8,30,,11,TRAIN RT OFF BEAR OMAR,GUN,,TRAIN,OFF,,,,,,,,BEAR OMAR,,BEAR-LION OMAR,,,,,,,R,,,4,4,Y
232,"04 NCCR OFF vs. FLUN (09/23/23), Play 027",27,,6,49,1,10,-7,,11,DUAL RT OFF JACK Y-PUNCH DANCER,GUN,,DUAL,OFF,,,,,,,JILL-JACK,JACK Y-PUNCH DANCER,,,PUNCH-Y DANCER,PUNCH-Y,DANCER,,,,P,SACK,SACK,4,4,N
233,"04 NCCR OFF vs. FLUN (09/23/23), Play 029",29,,7,42,2,20,5,,11,YAC HAC FIB DUAL LT OFF LION OLY,GUN,X,DUAL,,,,,AC-Y,AC-H,,,LION OLY,,BEAR-LION OMAR,,,,,,,R,,,4,4,N
234,"04 NCCR OFF vs. FLUN (09/23/23), Play 030",30,,7,37,3,15,0,,11,(P) TRAIN RT OFF S. CALI RUBY,PISTOL,,TRAIN,OFF,,,,,,,,S. CALI RUBY,,,,,,CALI LUCY-RUBY,,,P,C,,4,86,N
235,"04 NCCR OFF vs. FLUN (09/23/23), Play 031",31,,8,-25,0,10,1,,12,DEUCE RT SLOT IRON H-SHOP,GUN,,DEUCE,,SLOT,,,,,,,IRON H-SHOP,,IRON-STEEL SHOP,,,,,SHOP-H,,P,C,,4,18,N
236,"04 NCCR OFF vs. FLUN (09/23/23), Play 032",32,,8,-26,2,9,4,,12,HAC DEUCE RT SLOT THURSDAY (CK. BEETLE SLICE),GUN,,DEUCE,,SLOT,,,AC-H,,,,BEETLE SLICE,,BEETLE-SPIDER SLICE,,,,,,,R,,,4,13,N
237,"04 NCCR OFF vs. FLUN (09/23/23), Play 033",33,,8,-30,3,5,6,,12,NINER THURSDAY (CK. NINER JUKE),EMPTY,,JUKE,,2,,X,,,,LOAD-ROCK,NINER JUKE,,,JUKE,JUKE,,,,,P,C,,4,18,Y
238,"04 NCCR OFF vs. FLUN (09/23/23), Play 035",35,,8,-45,2,1,,,,,,,,,,,,,,,,,,,,,,,,,X,,PENALTY,,,
239,"04 NCCR OFF vs. FLUN (09/23/23), Play 036",36,,8,-40,2,6,0,,12,DOT LT JILL CHIP Y-PUNCH DANCER,GUN,,DOT,,,,,,,,JILL-JACK CHIP,JILL CHIP Y-PUNCH DANCER,,,PUNCH-Y DANCER,PUNCH-Y,DANCER,,,,P,I,,4,3,N
240,"04 NCCR OFF vs. FLUN (09/23/23), Play 037",37,,8,-40,3,6,,,12,FLANK LT JILL CHIP MARS ANKLE,GUN,,FLANK,,,,,,,,JILL-JACK CHIP,JILL CHIP MARS ANKLE,,,MARS ANKLE,MARS,ANKLE,,,,X,X,PENALTY,4,,N
241,"04 NCCR OFF vs. FLUN (09/23/23), Play 039",39,,9,-39,2,9,2,,12,BUMP DEUCE RT SLOT LION OLY,GUN,,DEUCE,,SLOT,,,,,BUMP,,LION OLY,,BEAR-LION OMAR,,,,,,,R,,,4,4,N
242,"04 NCCR OFF vs. FLUN (09/23/23), Play 040",40,,9,-41,3,7,6,,12,DOLPHIN LT Z-BACK SHOW SALLY CRACK,GUN,,DOLPHIN,,,,,BACK-Z,,,,SHOW SALLY CRACK,,,,,,SALLY-ROSE CRACK,,CRACK,P,C,,4,13,Y
243,"04 NCCR OFF vs. FLUN (09/23/23), Play 041",41,,9,-47,4,1,5,,12,NASA (U) YAHOO TRIX RT X-JET H-IN,UNDER,,TRIX,,,,,YAHOO,JET-X,IN-H,,NASA,NASA,,,,,,,,X,,,4,,Y
244,"04 NCCR OFF vs. FLUN (09/23/23), Play 042",42,,9,48,1,10,-7,,12,TRAIN RT OFF LIZZY SUN SWITCH X-DRAG,GUN,,TRAIN,OFF,,,,,,,LIZZY-RIPPY,LIZZY SUN SWITCH X-DRAG,,,SUN SWITCH DRAG-X,SUN SWITCH,DRAG-X,,,,P,SACK,SACK,4,4,N
245,"04 NCCR OFF vs. FLUN (09/23/23), Play 043",43,,9,-45,2,17,19,,12,(P) TRAIN LT OFF H-BOMBER N. CALI LUCY,PISTOL,,TRAIN,OFF,,,,BOMBER-H,,,,N. CALI LUCY,,,,,,CALI LUCY-RUBY,,,P,C,,4,81,Y
246,"04 NCCR OFF vs. FLUN (09/23/23), Play 044",44,,9,36,1,10,4,,12,TRIPS RT OX 1 R-JET N. PITT COVER,EMPTY,,TRIPS,,OX / 1,,X,,,JET-R,,N. PITT COVER,,PITT COVER,,,,,,,R,,,4,4,Y
247,"04 NCCR OFF vs. FLUN (09/23/23), Play 045",45,,9,32,2,6,5,,11,YAC TRAIN RT OX SPIDER SLIP,GUN,,TRAIN,,OX,,,AC-Y,,,,SPIDER SLIP,,BEETLE-SPIDER SLIP,,,,,,,R,,PENALTY,4,4,Y
248,"04 NCCR OFF vs. FLUN (09/23/23), Play 046",46,,9,37,2,11,4,,11,YAC HAC FIB DUAL RT OFF BEAR OMAR,GUN,X,DUAL,,,,,AC-Y,AC-H,,,BEAR OMAR,,BEAR-LION OMAR,,,,,,,R,,,4,4,N
249,"04 NCCR OFF vs. FLUN (09/23/23), Play 047",47,,9,33,3,7,-8,,11,NINER JUKE,EMPTY,,JUKE,,2,,X,,,,LOAD-ROCK,NINER JUKE,NINER,,JUKE,JUKE,,,,,P,SACK,SACK,4,4,N
250,"04 NCCR OFF vs. FLUN (09/23/23), Play 049",49,,10,-1,2,14,3,,12,TRIPS RT H-IN JORDAN,UNDER,,TRIPS,,,,,IN-H,,,,JORDAN,,SNEAKER,,,,,,,R,,,4,4,N
251,"04 NCCR OFF vs. FLUN (09/23/23), Play 050",50,,10,-4,3,11,,,12,DEUCE LT SLOT THURSDAY,GUN,,DEUCE,,SLOT,,,,,,,THURSDAY,THURSDAY,,,,,,,,X,,PENALTY,4,,
252,"04 NCCR OFF vs. FLUN (09/23/23), Play 051",51,,10,-2,3,13,,,12,DOT LT JILL CHIP Y-PUNCH DANCER,GUN,,DOT,,,,,,,,JILL-JACK CHIP,JILL CHIP Y-PUNCH DANCER,,,PUNCH-Y DANCER,PUNCH-Y,DANCER,,,,P,X,PENALTY,4,10,N
253,"04 NCCR OFF vs. FLUN (09/23/23), Play 052",52,,10,-2,3,13,8,,12,DOT LT CLASSY JACK QK CHIP HERO SPACING,GUN,,DOT,,CLASSY,,,,,,JILL-JACK QK CHIP,QK JACK CHIP HERO SPACING,,,HERO SPACING,HERO,SPACING,,,,P,C,,4,19,N
254,"04 NCCR OFF vs. FLUN (09/23/23), Play 053",53,,11,-25,0,10,10,,11,FIB DUAL RT OFF SPIDER Y-TRAIL,GUN,X,DUAL,OFF,,,,,,,,,,,,,,,,,,,,,,
,,,,,,,,SPIDER Y-TRAIL,2 MINUTE,BEETLE-SPIDER TRAIL,,,,,TRAIL-Y,,P,C,,4,86,Y,,,,,,,,,,,,,,,
255,"04 NCCR OFF vs. FLUN (09/23/23), Play 054",54,,11,-35,1,10,7,,11,FIB DUAL RT OFF SPIDER Y-TRAIL,GUN,X,DUAL,OFF,,,,,,,,SPIDER Y-TRAIL,2 MINUTE,BEETLE-SPIDER TRAIL,,,,,TRAIL-Y,,R,,,4,4,Y
256,"04 NCCR OFF vs. FLUN (09/23/23), Play 056",56,,11,35,1,10,0,,11,TRAIN RT OFF JILL PIN BOOT,GUN,,TRAIN,OFF,,,,,,,JILL-JACK,JILL PIN BOOT,2 MINUTE,,PIN BOOT,PIN,BOOT,,,,P,I,,4,3,N
257,"04 NCCR OFF vs. FLUN (09/23/23), Play 057",57,,11,35,2,10,0,,11,Z-TANGO LT A R-HOME N. SPRINT SHOE,GUN,,TANGO,,A,,,,,HOME-R,,SPRINT,2 MINUTE,,SHOE,SHOE,,,,,P,I,,4,19,N
258,"04 NCCR OFF vs. FLUN (09/23/23), Play 058",58,,11,35,3,10,0,,11,YAC TRAIN RT S. CALI RUBY,GUN,,TRAIN,,,,,AC-Y,,,,S. CALI RUBY,2 MINUTE,,,,,CALI LUCY-RUBY,,,P,I,,4,18,N
259,"04 NCCR OFF vs. FLUN (09/23/23), Play 059",59,,11,35,4,10,0,,11,TRAIN RT OFF THURSDAY (CK. JILL H-DRIVE DANCER),GUN,,TRAIN,OFF,,,,,,,JILL-JACK,JILL H-DRIVE DANCER,2 MINUTE,,DRIVE-H DANCER,DRIVE-H,DANCER,,,,P,I,,4,19,N