#,Name,Play Number,QB Comment,Series,Field Position,Down,Distance,Gain,OFF Group,Personnel,The_Play,Backfield,FIB,Formation,Form Adj Y,Form Adj WR,Form Adj Bunch Stick,Empty,Motion,Motion 2,Motion 3,Protection,Play,Tempo,Run Concept,Pass Concept,Pass Concept 1,Pass Concept 2,Screen Concept,RPO1,ADDON 1,R/P,Pass Result,MOE,QB#,J#,EFF,gamedate,pff_GAMEDATE,pff_WEEK,pff_QUARTER,pff_DOWN,pff_CLOCK,pff_2MINUTE,pff_DRIVESTARTEVENT,pff_DRIVEENDEVENT,pff_DRIVESTARTFIELDPOSITION,pff_DRIVEENDFIELDPOSITION,pff_FIELDPOSITION,pff_DRIVEENDPLAYNUMBER,pff_DRIVE,pff_DRIVEPLAY,pff_GAINLOSS,pff_GAINLOSSNET,pff_DISTANCE,pff_FIRST_DOWN_GAINED,pff_RUNPASS,pff_RUNPASSOPTION,pff_PASSRESULT,pff_QB,pff_BALLCARRIER,pff_PENALTYYARDS,pff_SCORE,pff_SCOREDIFFERENTIAL,pff_OFFPERSONNELBASIC,pff_OFFPERSONNEL,pff_OFFFORMATIONGROUP,pff_TIMETOTHROW,pff_YARDSAFTERCATCH,pff_YARDSAFTERCONTACT,pff_DEFPERSONNEL,pff_HASH,pff_INTERCEPTION,pff_PASSDIRECTION,pff_PASSRECEIVERTARGET,Unnamed: 37,pff_PENALTY,pff_QBPRESSUREALLOWED,pff_QBSCRAMBLE,pff_RBALIGNMENT,pff_RBDEPTH,pff_RBDIRECTION,pff_RBSINBACKFIELD,pff_RUNCONCEPTPRIMARY,pff_RUNCONCEPTSECONDARY,pff_SACK,pff_TEALIGNMENT,pff_PLAYCLOCK
71,"01 NCCR OFF vs. MDUN (09/09/23), Play 001",1,,1,-25,0,10,4,,11,TRAIN LT OX FLASH AKRON EDGE,GUN,,TRAIN,,OX,,,,,,,AKRON EDGE,,CLEVELAND-AKRON EDGE,,,,,,,R,,,4,4,Y,9/9/2023,9/9/2023,2,1,1,15:00,0,KICKOFF - TB,TOUCHDOWN,-25,0,-25,5,1,1,4,4,10,,R,0,,NCCR 04,NCCR 04,,0,0,11,3-0-1-1,4x0,,,3,3/3/2005,R,,,,,,,,HB-L,HB-L (-5),R,1; NCCR 13 (HB-L),COUNTER,QB RUNS,,L,11
72,"01 NCCR OFF vs. MDUN (09/09/23), Play 002",2,,1,-29,2,6,6,,23,(P) FIB Z-TANGO LT BILLY S. CINCY EDGE Z-BOSS,PISTOL,X,TANGO,,,BILLY,,,,,,S. CINCY EDGE Z-BOSS,,CINCY EDGE BOSS,,,,,,BOSS-Z,R,,,4,1,Y,9/9/2023,9/9/2023,2,1,2,14:18,0,KICKOFF - TB,TOUCHDOWN,-25,0,-29,5,1,2,6,6,6,1,R,0,,NCCR 04,NCCR 01,,0,0,14,0-0-1-4,1x3,,,2,3/4/2004,R,,,,,,,,HB,HB (-7),L,1; NCCR 01 (HB),COUNTER,CROSS LEAD,,L;R;R;R,4
73,"01 NCCR OFF vs. MDUN (09/09/23), Play 003",3,,1,-35,1,10,9,,21,TROUBLE LT H-IN S. PITT COVER Z-CRACK,GUN,,TROUBLE,,,,,IN-H,,,,S. PITT COVER Z-CRACK,,PITT COVER,,,,,,CRACK-Z,R,,,4,0,Y,9/9/2023,9/9/2023,2,1,1,13:36,0,KICKOFF - TB,TOUCHDOWN,-25,0,-35,5,1,3,9,9,10,,R,0,,NCCR 04,NCCR 00,,0,0,12,2-0-1-2,2x1,,,5,3/4/2004,R,,,,,,,,HB-R; FB-L,HB-R (-5); FB-L (-4),L,2; NCCR 00 (HB-R); NCCR 35 (FB-L),POWER,INVERTED;READ OPTION,,L,1
74,"01 NCCR OFF vs. MDUN (09/09/23), Play 004",4,,1,-44,2,1,8,,21,NINER THURSDAY (CK. BEETLE FOLLOW),GUN,,TRAIN,,,BILLY,,,,,,BEETLE FOLLOW,THURSDAY,BEETLE-SPIDER FOLLOW,,,,,,,R,,,4,4,Y,9/9/2023,9/9/2023,2,1,2,12:56,0,KICKOFF - TB,TOUCHDOWN,-25,0,-44,5,1,4,8,8,1,1,R,0,,NCCR 04,NCCR 04,,0,0,12,2-0-1-2,1x3,,,4,3/4/2004,C,,,,,,,,HB-R,HB-R (-6),R,1; NCCR 00 (HB-R),MAN,LEAD;QB RUNS,,R;R,7
75,"01 NCCR OFF vs. MDUN (09/09/23), Play 005",5,,1,48,1,10,48,,21,H-TORCH RT H-IN S. GOLFER SAIL,GUN,,TORCH,,,,,IN-H,,,GOLFER,S. GOLFER SAIL,,,GOLFER SAIL,GOLFER,SAIL,,,,P,C,,4,12,Y,9/9/2023,9/9/2023,2,1,1,12:08,0,KICKOFF - TB,TOUCHDOWN,-25,0,48,5,1,5,48,48,10,1,P,0,COMPLETE,NCCR 04,NCCR 12,,0,0,12,2-0-1-2,3x1,3.4,3,0,3/4/2004,R,,L,NCCR 12,,,,,HB-R,HB-R (-5),,1; NCCR 00 (HB-R),,,,L,1
76,"01 NCCR OFF vs. MDUN (09/09/23), Play 006",6,,2,-40,0,10,9,,12,(U) Y-IN FAR RT NASTY N. CINCY,UNDER,,FAR,,,,,IN-Y,,,,N. CINCY,,CINCY,,,,,,,R,,,4,1,Y,9/9/2023,9/9/2023,2,1,1,10:57,0,PUNT - RETURN,PUNT,-40,47,-40,5,2,1,9,9,10,,R,0,,NCCR 04,NCCR 01,,0,14,12,2-0-1-2,1x2,,,5,3/4/2004,L,,,,,,,,HB; FB-L,HB (-7); FB-L (-4),R,2; NCCR 01 (HB); NCCR 86 (FB-L),COUNTER,CROSS LEAD,,R,16
77,"01 NCCR OFF vs. MDUN (09/09/23), Play 007",7,,2,-49,2,1,3,,12,TRIPS RT OX BEETLE FOLLOW,GUN,,TRIPS,,OX,,,,,,,BEETLE FOLLOW,,BEETLE-SPIDER FOLLOW,,,,,,,R,,,4,4,Y,9/9/2023,9/9/2023,2,1,2,10:24,0,PUNT - RETURN,PUNT,-40,47,-49,5,2,2,3,3,1,1,R,0,,NCCR 04,NCCR 04,,0,14,12,2-0-1-2,0x4,,,3,3/4/2004,L,,,,,,,,HB-R,HB-R (-6),R,1; NCCR 01 (HB-R),MAN,LEAD;QB RUNS,,R;R,18
78,"01 NCCR OFF vs. MDUN (09/09/23), Play 008",8,,2,48,1,10,-1,,12,SHUFFLE DEUCE RT SLOT N. CINCY,GUN,,DEUCE,,SLOT,,,,,SHUFFLE,,N. CINCY,,CINCY,,,,,,,R,,,4,1,N,9/9/2023,9/9/2023,2,1,1,9:39,0,PUNT - RETURN,PUNT,-40,47,48,5,2,3,-1,-1,10,,R,0,,NCCR 01,NCCR 01,,0,14,12,2-0-1-2,3x1,,,3,3/4/2004,R,,,,,,,,HB-L,HB-L (-5),R,1; NCCR 04 (HB-L),COUNTER,CROSS LEAD;QB RUNS,,L;R,3
79,"01 NCCR OFF vs. MDUN (09/09/23), Play 009",9,,2,49,2,11,0,,12,TROLLY LT OX TEQUILA (CK. WOLF BIBLE),GUN,,TROLLY,,OX,,,,,,,WOLF BIBLE,TEQUILA,WOLF-JAGUAR BIBLE,,,,,,,R,,,4,0,N,9/9/2023,9/9/2023,2,1,2,8:58,0,PUNT - RETURN,PUNT,-40,47,49,5,2,4,0,0,11,,R,0,,NCCR 04,NCCR 00,,0,14,12,2-0-1-2,4x0,,,1,3/4/2004,R,,,,,,,,HB-R,HB-R (-5),L,1; NCCR 00 (HB-R),OUTSIDE ZONE,READ OPTION,,,7
80,"01 NCCR OFF vs. MDUN (09/09/23), Play 010",10,,,49,3,11,,,11,DAFFY LT Y-IN LOAD Y-DELAY STAR,GUN,,DAFFY,,,,,IN-Y,,,LOAD-ROCK,LOAD Y-DELAY STAR,,,DELAY-Y STAR,DELAY-Y,STAR,,,,X,,PENALTY,4,,,9/9/2023,,,,,,,,,,,,,,,,,,,,,,,,,,,,,,,,,,,,,,,,,,,,,,,,,,
81,"01 NCCR OFF vs. MDUN (09/09/23), Play 011",11,,2,-46,3,16,7,,11,DAFFY LT Y-IN LOAD Y-DELAY STAR,GUN,,DAFFY,,,,,IN-Y,,,LOAD-ROCK,LOAD Y-DELAY STAR,,,DELAY-Y STAR,DELAY-Y,STAR,,,,P,C,,4,83,N,9/9/2023,9/9/2023,2,1,3,7:56,0,PUNT - RETURN,PUNT,-40,47,-46,5,2,5,7,7,16,,P,0,COMPLETE,NCCR 04,NCCR 83,,0,14,11,3-0-1-1,2x2,2.3,0,0,3/4/2004,L,,M,NCCR 83,,,,,HB-L,HB-L (-6),,1; NCCR 13 (HB-L),,,,L,14
82,"01 NCCR OFF vs. MDUN (09/09/23), Play 012",12,,3,-35,0,10,1,,21,ROCKY FIB FRISCO RT A N. Q-PITT,EMPTY,X,FRISCO,,A,,X,,,ROCKY,,N. Q-PITT,,PITT Q,,,,,,,R,,,4,4,N,9/9/2023,9/9/2023,2,1,1,4:53,0,PUNT - DOWNED,PUNT,-35,-47,-35,6,3,1,1,1,10,,R,0,,NCCR 04,NCCR 04,,0,14,12,2-0-1-2,2x2,,,1,3/4/2004,L,,,,,,,,HB-R,HB-R (-3),R,1; NCCR 35 (HB-R),POWER,LEAD;QB RUNS,,R,14
83,"01 NCCR OFF vs. MDUN (09/09/23), Play 013",13,,3,-36,2,9,1,,21,SHUFFLE NEAR LT S. PITT,GUN,,NEAR,,,,,,,SHUFFLE,PITT RENO,S. PITT VEGAS Y-SHALLOW X-STUTTER,,,,,,,,,R,,,4,13,N,9/9/2023,9/9/2023,2,1,2,4:07,0,PUNT - DOWNED,PUNT,-35,-47,-36,6,3,2,1,1,9,,R,0,,NCCR 13,NCCR 13,,0,14,12,2-0-1-2,2x1,,,1,3/4/2004,C,,,,,,,,HB-R; FB-L,HB-R (-5); FB-L (-4),L,2; NCCR 04 (HB-R); NCCR 35 (FB-L),POWER,LEAD;QB RUNS,,L,18
84,"01 NCCR OFF vs. MDUN (09/09/23), Play 014",14,,3,-37,3,8,8,,11,PEEK DOLPHIN LT F-JACK Z-BULLS,GUN,,DOLPHIN,,,,,,,,JILL-JACK,F-JACK Z-BULLS,PEEK,,BULLS-Z,BULLS-Z,,,,,P,SC,,4,19,Y,9/9/2023,9/9/2023,2,1,3,3:27,0,PUNT - DOWNED,PUNT,-35,-47,-37,6,3,3,8,8,8,1,P,0,COMPLETE,NCCR 04,NCCR 19,,0,14,11,3-0-1-1,2x2,3,8,2,3/3/2005,C,,M,NCCR 19,,,NCCR 79,,HB-L,HB-L (-6),R,1; NCCR 13 (HB-L),,,,,6
85,"01 NCCR OFF vs. MDUN (09/09/23), Play 015",15,,3,-45,1,10,0,,12,TRIPS LT OX SPIDER FOLLOW,GUN,,TRIPS,,OX,,,,,,,SPIDER FOLLOW,,BEETLE-SPIDER FOLLOW,,,,,,,R,,,4,4,N,9/9/2023,9/9/2023,2,1,1,2:40,0,PUNT - DOWNED,PUNT,-35,-47,-45,6,3,4,0,0,10,,R,0,,NCCR 04,NCCR 04,,0,14,12,2-0-1-2,4x0,,,1,3/4/2004,R,,,,,,,,HB-L,HB-L (-6),L,1; NCCR 13 (HB-L),MAN,LEAD;QB RUNS,,L;L,3
86,"01 NCCR OFF vs. MDUN (09/09/23), Play 016",16,,3,-45,2,10,2,,12,FLANK LT H-CREEP TIGER EDGE,GUN,,FLANK,,,,,CREEP-H,,,,TIGER EDGE,,BENGAL-TIGER EDGE,,,,,,,R,,,4,13,N,9/9/2023,9/9/2023,2,1,2,1:43,0,PUNT - DOWNED,PUNT,-35,-47,-45,6,3,5,2,2,10,,R,1,,NCCR 04,NCCR 13,,0,14,12,2-0-1-2,2x2,,,2,3/4/2004,C,,,,,,,,HB-L,HB-L (-6),R,1; NCCR 13 (HB-L),COUNTER,CROSS LEAD,,L;L,2
87,"01 NCCR OFF vs. MDUN (09/09/23), Play 017",17,,3,-47,3,8,0,,12,PEEK TROLLY LT QR-TIGER,GUN,,TROLLY,,,,,,,,,QR-TIGER,PEEK,BENGAL-TIGER QR,,,,,,,R,,,4,4,N,9/9/2023,9/9/2023,2,1,3,0:59,0,PUNT - DOWNED,PUNT,-35,-47,-47,6,3,6,0,0,8,,R,0,,NCCR 04,NCCR 04,,0,14,12,2-0-1-2,3x1,,,1,3/4/2004,R,,,,,,,,HB-L,HB-L (-6),R,1; NCCR 13 (HB-L),COUNTER,CROSS LEAD;QB RUNS,,,3
88,"01 NCCR OFF vs. MDUN (09/09/23), Play 018",18,,4,-25,0,10,9,,13-F,(P) DEUCE LT NASTY SPIDER SLICE,PISTOL,,DEUCE,,NASTY,,,,,,,SPIDER SLICE,,BEETLE-SPIDER SLICE,,,,,,,R,,,4,1,Y,9/9/2023,9/9/2023,2,2,1,11:09,0,KICKOFF - TB,PUNT,-25,-42,-25,5,4,1,9,9,10,,R,0,,NCCR 04,NCCR 01,,3,11,13,1-0-1-3,2x2,,,4,3/4/2004,L,,,,,,,,HB,HB (-7),L,1; NCCR 01 (HB),MAN,CROSS LEAD,,L;L;R,9
89,"01 NCCR OFF vs. MDUN (09/09/23), Play 019",19,,4,-34,2,1,6,,13-F,(P) DEUCE LT NASTY SPIDER SLICE,PISTOL,,DEUCE,,NASTY,,,,,,,SPIDER SLICE,,BEETLE-SPIDER SLICE,,,,,,,R,,,4,0,Y,9/9/2023,9/9/2023,2,2,2,10:31,0,KICKOFF - TB,PUNT,-25,-42,-34,5,4,2,6,6,1,1,R,0,,NCCR 04,NCCR 00,,3,11,13,1-0-1-3,2x2,,,2,3/4/2004,L,,,,,,,,HB,HB (-7),L,1; NCCR 00 (HB),MAN,CROSS LEAD,,L;L;R,12
90,"01 NCCR OFF vs. MDUN (09/09/23), Play 020",20,,4,-40,1,10,5,,12,TROLLY RT SQUEEZE Z-JET N. Q-TAXI R-CUT,GUN,,TROLLY,,SQUEEZE,,,JET-Z,,,,N. Q TAXI R-CUT,,TAXI Q,,,,,,,R,,,4,4,Y,9/9/2023,9/9/2023,2,2,1,9:47,0,KICKOFF - TB,PUNT,-25,-42,-40,5,4,3,5,5,10,,R,0,,NCCR 04,NCCR 04,,3,11,12,2-0-1-2,1x3,,,0,3/4/2004,C,,,,,,,,HB-R,HB-R (-5),R,1; NCCR 00 (HB-R),PULL LEAD,QB RUNS,,,3
91,"01 NCCR OFF vs. MDUN (09/09/23), Play 021",21,,4,-45,2,5,0,,12,(P) FIB TRIX RT X-IN S. TEXAS MAX Z-SURF,PISTOL,X,TRIX,,,,,IN-X,,,TEXAS MAX,S. TEXAS MAX Z-SURF,,,SURF-Z,SURF-Z,,,,,P,I,DROP,4,19,N,9/9/2023,9/9/2023,2,2,2,9:02,0,KICKOFF - TB,PUNT,-25,-42,-45,5,4,4,,0,5,,P,0,INCOMPLETE,NCCR 04,,,3,11,12,2-0-1-2,1x3,3.5,,,3/4/2004,R,,M,NCCR 19,,,,,HB,HB (-7),,1; NCCR 00 (HB),UNDEFINED,,,R;R,1
92,"01 NCCR OFF vs. MDUN (09/09/23), Play 022",22,,4,-45,3,5,-3,,11,PEEK DOLPHIN RT F-JILL Z-BULLS,GUN,,DOLPHIN,,,,,,,,JILL-JACK,F-JILL Z-BULLS,PEEK,,BULLS-Z,BULLS-Z,,,,,P,SR,SACK,4,4,N,9/9/2023,9/9/2023,2,2,3,8:30,0,KICKOFF - TB,PUNT,-25,-42,-45,5,4,5,-3,-3,5,,P,0,SACK,NCCR 04,NCCR 04,,3,11,11,3-0-1-1,2x2,7.3,,,3/3/2005,R,,X,,,,NCCR 04; NCCR 52,,HB-R,HB-R (-5),R,1; NCCR 13 (HB-R),,,MDUN D03,,7
93,"01 NCCR OFF vs. MDUN (09/09/23), Play 023",23,,5,-25,0,10,3,,13-F,(P) FLANK LT TITE H-CREEP N. CINCY EDGE,PISTOL,,FLANK,,TITE,,,CREEP-H,,,,N. CINCY EDGE,,CINCY EDGE,,,,,,,R,,,4,1,N,9/9/2023,9/9/2023,2,2,1,3:25,0,KICKOFF - TB,DOWNS,-25,46,-25,5,5,1,3,3,10,,R,0,,NCCR 04,NCCR 01,,6,8,13,1-0-1-3,1x2,,,3,3/4/2004,L,,,,,,,,HB; FB-L,HB (-7); FB-L (-3),R,2; NCCR 01 (HB); NCCR 35 (FB-L),COUNTER,CROSS LEAD,,L;R,14
94,"01 NCCR OFF vs. MDUN (09/09/23), Play 024",24,,5,-28,2,7,20,,12,TROUBLE LT H-IN S. PITT COVER Z-CRACK,GUN,,TROUBLE,,,,,IN-H,,,,S. PITT COVER Z-CRACK,,PITT COVER,,,,,,,R,,,4,4,Y,9/9/2023,9/9/2023,2,2,2,2:44,0,KICKOFF - TB,DOWNS,-25,46,-28,5,5,2,20,20,7,1,R,0,,NCCR 04,NCCR 04,,6,8,12,2-0-1-2,2x1,,,5,3/4/2004,R,,,,,,,,HB-R; FB-L,HB-R (-6); FB-L (-4),L,2; NCCR 01 (HB-R); NCCR 18 (FB-L),COUNTER,CROSS LEAD;QB RUNS,,L,6
95,"01 NCCR OFF vs. MDUN (09/09/23), Play 025",25,,,-48,1,10,,,12,(U) TRIPS RT Z-IN N. PITT VEGAS Y-SHALLOW X-STUTTER,UNDER,,TRIPS,,,,,IN-Z,,,PITT RENO,N. PITT VEGAS Y-SHALLOW X-STUTTER,,,SHALLOW-Y STUTTER-X,SHALLOW-Y,STUTTER-X,,,,X,,PENALTY,4,,,9/9/2023,,,,,,,,,,,,,,,,,,,,,,,,,,,,,,,,,,,,,,,,,,,,,,,,,,
96,"01 NCCR OFF vs. MDUN (09/09/23), Play 026",26,,5,-43,1,15,2,,12,(P) DEUCE LT Z-JET SPIDER VEGAS Y-CULDESAC,PISTOL,,DEUCE,,,,,JET-Z,,,BEETLE-SPIDER RENO,SPIDER VEGAS Y-CULDESAC,,,,,,,CULDESAC-Y,,P,C,,4,18,N,9/9/2023,9/9/2023,2,2,1,1:56,2,KICKOFF - TB,DOWNS,-25,46,-43,5,5,3,2,2,15,,P,1,COMPLETE,NCCR 04,NCCR 18,,6,8,12,2-0-1-2,2x2,1.7,3,1,3/4/2004,L,,M,NCCR 18,,,,,HB,HB (-8),L,1; NCCR 00 (HB),MAN,,,L;R,17
97,"01 NCCR OFF vs. MDUN (09/09/23), Play 027",27,,5,-45,2,13,0,,12,FLANK LT N. TEXAS MAX Z-CAFE,GUN,,FLANK,,,,,,,,TEXAS MAX,N. TEXAS MAX Z-CAFE,,,CAFE-Z,CAFE-Z,,,,,P,I,,4,13,N,9/9/2023,9/9/2023,2,2,2,1:30,2,KICKOFF - TB,DOWNS,-25,46,-45,5,5,4,,0,13,,P,0,INCOMPLETE,NCCR 04,,,6,8,12,2-0-1-2,2x2,4.4,,,3/4/2004,L,,M,NCCR 13,,,NCCR 04,,HB-L,HB-L (-6),,1; NCCR 13 (HB-L),UNDEFINED,,,L;L,17
98,"01 NCCR OFF vs. MDUN (09/09/23), Play 028",28,,5,-45,3,13,9,,11,TROLLY RT FLY N. ERASER,GUN,,TROLLY,,,,,,,,,N. ERASER,,PENCIL-PAPER,ERASER,ERASER,,,,,R,,,4,4,N,9/9/2023,9/9/2023,2,2,3,1:24,2,KICKOFF - TB,DOWNS,-25,46,-45,5,5,5,9,9,13,,R,1,,NCCR 04,NCCR 04,,6,8,11,3-0-1-1,1x4,,,3,3/3/2005,L,,,,,,,,EMPTY,,R,,DRAW,QB RUNS,,,3
99,"01 NCCR OFF vs. MDUN (09/09/23), Play 029",29,,,46,4,4,,,12,FLANK LT THURSDAY,GUN,,FLANK,,,,,,,,,THURSDAY,THURSDAY,,,,,,,,X,,PENALTY,4,,,9/9/2023,,,,,,,,,,,,,,,,,,,,,,,,,,,,,,,,,,,,,,,,,,,,,,,,,,
100,"01 NCCR OFF vs. MDUN (09/09/23), Play 030",30,,6,-28,0,10,9,,12,FIB DEUCE LT SLOT Z-BOMBER SPIDER SLICE,GUN,X,DEUCE,,SLOT,,,BOMBER-Z,,,,SPIDER SLICE,,BEETLE-SPIDER SLICE,,,,,,,R,,,4,1,Y,9/9/2023,9/9/2023,2,3,1,9:14,0,KICKOFF - RETURN,PUNT,-28,-41,-28,5,6,1,9,9,10,,R,0,,NCCR 04,NCCR 01,,17,-3,12,2-0-1-2,1x3,,,7,3/4/2004,R,,,,,,,,HB-L,HB-L (-6),L,1; NCCR 01 (HB-L),MAN,CROSS LEAD,,L;R,13
101,"01 NCCR OFF vs. MDUN (09/09/23), Play 031",31,,6,-37,2,1,8,,12,HAC DEUCE RT SLOT THURSDAY,GUN,,DEUCE,,SLOT,,,AC-H,,,,THURSDAY,THURSDAY,,,,,,,,P,C,,4,10,Y,9/9/2023,9/9/2023,2,3,2,8:44,0,KICKOFF - RETURN,PUNT,-28,-41,-37,5,6,2,8,8,1,1,P,0,COMPLETE,NCCR 04,NCCR 10,0,17,-3,12,2-0-1-2,3x1,2,4,0,3/4/2004,R,,L,NCCR 10,,(D) MDUN D04 DOF,,,HB-L,HB-L (-6),R,1; NCCR 01 (HB-L),,,,L;R,20
102,"01 NCCR OFF vs. MDUN (09/09/23), Play 032",32,,6,-45,1,10,1,,12,HAC DEUCE LT SLOT THURSDAY (CK. (P) S. CINCY),PISTOL,,DEUCE,,SLOT,,,AC-H,,,,S. CINCY,,CINCY,,,,,,,R,,,4,1,N,9/9/2023,9/9/2023,2,3,1,8:16,0,KICKOFF - RETURN,PUNT,-28,-41,-45,5,6,3,1,1,10,,R,0,,NCCR 04,NCCR 01,,17,-3,12,2-0-1-2,1x3,,,2,3/4/2004,L,,,,,,,,HB,HB (-7),L,1; NCCR 01 (HB),COUNTER,CROSS LEAD,,L;R,3
103,"01 NCCR OFF vs. MDUN (09/09/23), Play 033",33,,6,-46,2,9,0,,12,TRAIN RT OFF FRIDAY LIZZY SUN,GUN,,TRAIN,OFF,,,,,,,LIZZY-RIPPY,LIZZY SUN,,,SUN,SUN,,,,,P,I,,4,12,N,9/9/2023,9/9/2023,2,3,2,7:40,0,KICKOFF - RETURN,PUNT,-28,-41,-46,5,6,4,,0,9,,P,0,INCOMPLETE,NCCR 04,,,17,-3,12,2-0-1-2,1x3,2,,,3/4/2004,L,,L,NCCR 12,,,,,HB-R,HB-R (-6),R,1; NCCR 01 (HB-R),,,,R,12
104,"01 NCCR OFF vs. MDUN (09/09/23), Play 034",34,,6,-46,3,9,-5,,11,DAFFY LT Y-IN LOAD Y-DELAY STAR,GUN,,DAFFY,,,,,,,,LOAD-ROCK,LOAD Y-DELAY STAR,,,DELAY-Y STAR,DELAY-Y,STAR,,,,P,SACK,SACK,4,4,N,9/9/2023,9/9/2023,2,3,3,7:34,0,KICKOFF - RETURN,PUNT,-28,-41,-46,5,6,5,-5,-5,9,,P,0,SACK,NCCR 04,NCCR 04,,17,-3,11,3-0-1-1,2x2,2,,,3/3/2005,L,,X,,,,NCCR 79,,HB-L,HB-L (-5),,1; NCCR 01 (HB-L),,,MDUN D01,L,4
105,"01 NCCR OFF vs. MDUN (09/09/23), Play 035",35,,7,-20,0,10,16,,12,(P) DEUCE RT OFF CLASSY BEETLE RENO H-TRAIL,PISTOL,,DEUCE,OFF,,,,,,,BEETLE-SPIDER RENO,BEETLE RENO H-TRAIL,,,,,,,TRAIL-H,,P,C,,4,18,Y,9/9/2023,9/9/2023,2,3,1,3:18,0,INTERCEPTION,PUNT,-20,-35,-20,4,7,1,16,16,10,1,P,0,COMPLETE,NCCR 04,NCCR 18,,17,-3,12,2-0-1-2,2x2,2.5,1,1,3/4/2004,R,,R,NCCR 18,,,,,HB,HB (-7),L,1; NCCR 01 (HB),MAN,,,L;R,18
106,"01 NCCR OFF vs. MDUN (09/09/23), Play 036",36,,7,-36,1,10,2,,12,NINER BUG,GUN,,TRAIN,,,BILLY,,,,,,NINER BUG,NINER,BEETLE-SPIDER QK,,,,,,,R,,,4,1,N,9/9/2023,9/9/2023,2,3,1,3:12,0,INTERCEPTION,PUNT,-20,-35,-36,4,7,2,2,2,10,,R,0,,NCCR 04,NCCR 01,,17,-3,12,2-0-1-2,3x1,,,1,3/4/2004,R,,,,,,,,HB-L,HB-L (-6),R,1; NCCR 01 (HB-L),INSIDE ZONE,,,L;L,27
107,"01 NCCR OFF vs. MDUN (09/09/23), Play 037",37,,7,-38,2,8,0,,21,(P) FIB DEUCE LT SLOT Z-BOMBER SPIDER SLICE,PISTOL,X,DEUCE,,,,,BOMBER-Z,,,,SPIDER SLICE,,BEETLE-SPIDER SLICE,,,,,,,R,,,4,0,N,9/9/2023,9/9/2023,2,3,2,2:29,0,INTERCEPTION,PUNT,-20,-35,-38,4,7,3,0,0,8,,R,0,,NCCR 04,NCCR 00,0,17,-3,12,2-0-1-2,1x3,,,3,3/4/2004,R,,,,,(D) ILF,,,HB,HB (-7),L,1; NCCR 00 (HB),MAN,CROSS LEAD,,L;R,4
108,"01 NCCR OFF vs. MDUN (09/09/23), Play 038",38,,7,-38,3,8,-3,,11,TROLLY LT TEQUILA (CK. ROCK PIN SPROLES),GUN,,TROLLY,,,,,,,,LOAD-ROCK,ROCK PIN SPROLES,TEQUILA,,PIN SPROLES,PIN,SPROLES,,,,P,SR,SACK,4,4,N,9/9/2023,9/9/2023,2,3,3,2:04,0,INTERCEPTION,PUNT,-20,-35,-38,4,7,4,-3,-3,8,,P,0,SACK,NCCR 04,NCCR 04,,17,-3,11,3-0-1-1,3x1,5.2,,,3/3/2005,R,,X,,,,NCCR 52; NCCR 76,,HB-R,HB-R (-5),,1; NCCR 00 (HB-R),,,MDUN D01,,7
109,"01 NCCR OFF vs. MDUN (09/09/23), Play 039",39,,8,-25,0,10,11,,21,(U) FIB TRIPS LT Z-IN S. PITT VEGAS Y-SHALLOW X-STUTTER,UNDER,X,TRIPS,,,,,IN-Z,,,PITT RENO,S. PITT VEGAS Y-SHALLOW X-STUTTER,,,SHALLOW-Y STUTTER-X,SHALLOW-Y,STUTTER-X,,,,P,C,,4,18,Y,9/9/2023,9/9/2023,2,4,1,11:55,0,KICKOFF - TB,INTERCEPTION,-25,28,-25,4,8,1,11,11,10,1,P,0,COMPLETE,NCCR 04,NCCR 18,,24,-10,12,2-0-1-2,3x1,3.4,9,4,3/4/2004,L,,M,NCCR 18,,,,,HB,HB (-6),R,1; NCCR 01 (HB),POWER,,,L;L,6
110,"01 NCCR OFF vs. MDUN (09/09/23), Play 040",40,,8,-36,1,10,-7,,12,DOT RT JACK Y-PUNCH DANCER,GUN,,DOT,,,,,,,,JILL-JACK,JACK Y-PUNCH DANCER,,,PUNCH-Y DANCER,PUNCH-Y,DANCER,,,,P,SACK,SACK,4,4,N,9/9/2023,9/9/2023,2,4,1,11:14,0,KICKOFF - TB,INTERCEPTION,-25,28,-36,4,8,2,-7,-7,10,,P,0,SACK,NCCR 04,NCCR 04,,24,-10,12,2-0-1-2,2x2,2.8,,,3/4/2004,R,,X,,,,NCCR 75,,HB-R,HB-R (-5),R,1; NCCR 01 (HB-R),,,MDUN D35,L;R,7
111,"01 NCCR OFF vs. MDUN (09/09/23), Play 041",41,,8,-29,2,17,48,,12,Z-TANGO RT SQUEEZE THURSDAY (CK. JACK Y-MESH),GUN,,TANGO,,SQUEEZE,,,,,,JILL-JACK,JACK Y-MESH,THURSDAY,,MESH-Y,MESH-Y,,,,,P,SR,,4,4,Y,9/9/2023,9/9/2023,2,4,2,10:28,0,KICKOFF - TB,INTERCEPTION,-25,28,-29,4,8,3,48,48,17,1,P,0,RUN,NCCR 04,NCCR 04,,24,-10,12,2-0-1-2,3x1,4.8,,4,3/4/2004,R,,X,,,,,C,HB-R,HB-R (-5),R,1; NCCR 01 (HB-R),,,,R,2
112,"01 NCCR OFF vs. MDUN (09/09/23), Play 042",42,,8,23,1,10,0,,21,FIB DEUCE RT SLOT Z-BOMBER BEETLE SLICE,GUN,X,DEUCE,,SLOT,,,BOMBER-Z,,,,BEETLE SLICE,,BEETLE-SPIDER SLICE,,,,,,,R,,,4,1,N,9/9/2023,,,,,,,,,,,,,,,,,,,,,,,,,,,,,,,,,,,,,,,,,,,,,,,,,,
113,"01 NCCR OFF vs. MDUN (09/09/23), Play 043",43,,8,28,2,15,,,12,H-TORCH LT H-IN N. GOLFER SAIL,GUN,,TORCH,,,,,IN-H,,,GOLFER,N. GOLFER SAIL,,,SAIL,SAIL,,,,,P,INT,INT,4,18,,9/9/2023,9/9/2023,2,4,1,9:30,0,KICKOFF - TB,INTERCEPTION,-25,28,28,4,8,4,,0,15,,P,0,INTERCEPTION,NCCR 04,,,24,-10,12,2-0-1-2,1x3,1.6,,,3/4/2004,L,MDUN D19,L,NCCR 18,,,,,HB-L,HB-L (-5),,1; NCCR 00 (HB-L),,,,R,19
114,"01 NCCR OFF vs. MDUN (09/09/23), Play 044",44,,9,-25,0,10,0,,12,FIB DOT RT CLASSY S. TEXAS Z-DIG H-TSUNAMI,GUN,X,DOT,,CLASSY,,,,,,TEXAS,S. TEXAS Z-DIG H-TSUNAMI,,,DIG-Z TSUNAMI-H,DIG-Z,TSUNAMI-H,,,,P,I,DROP,4,1,N,9/9/2023,9/9/2023,2,4,1,8:06,0,KICKOFF - TB,FUMBLE,-25,-43,-25,6,9,1,,0,10,,P,0,INCOMPLETE,NCCR 04,,,31,-17,12,2-0-1-2,2x2,3.7,,,3/4/2004,L,,L,NCCR 01,,,NCCR 79,,HB-R,HB-R (-6),L,1; NCCR 01 (HB-R),INSIDE ZONE,,,L;R,17
115,"01 NCCR OFF vs. MDUN (09/09/23), Play 045",45,,9,-25,2,10,16,,12,FLANK LT LOAD U-TURN LOOKIE,GUN,,FLANK,,,,,,,,LOAD-ROCK,LOAD U-TURN LOOKIE,,,U-TURN LOOKIE,U-TURN,LOOKIE,,,,P,C,,4,19,Y,9/9/2023,9/9/2023,2,4,2,7:59,0,KICKOFF - TB,FUMBLE,-25,-43,-25,6,9,2,16,16,10,1,P,0,COMPLETE,NCCR 04,NCCR 19,,31,-17,12,2-0-1-2,2x2,1.8,6,1,3/4/2004,L,,M,NCCR 19,,,NCCR 50,,HB-L,HB-L (-5),,1; NCCR 01 (HB-L),,,,L;L,12
116,"01 NCCR OFF vs. MDUN (09/09/23), Play 046",46,,9,-41,1,10,0,,12,FLANK LT CLASSY LOAD Z-RAILROAD,GUN,,FLANK,,CLASSY,,,,,,LOAD-ROCK,LOAD Z-RAILROAD,,,RAILROAD-Z,RAILROAD-Z,,,,,P,I,DROP,4,86,N,9/9/2023,9/9/2023,2,4,1,7:33,0,KICKOFF - TB,FUMBLE,-25,-43,-41,6,9,3,,0,10,,P,0,INCOMPLETE,NCCR 04,,,31,-17,12,2-0-1-2,2x2,3,,,3/4/2004,L,,M,NCCR 86,,,,,HB-L,HB-L (-5),,1; NCCR 01 (HB-L),,,,L;L,21
117,"01 NCCR OFF vs. MDUN (09/09/23), Play 047",47,,9,-41,2,10,15,,12,DOT LT JILL Y-PUNCH DANCER,GUN,,DOT,,,,,,,,JILL-JACK,JILL Y-PUNCH DANCER,,,PUNCH-Y DANCER,PUNCH-Y,DANCER,,,,P,X,,4,12,Y,9/9/2023,9/9/2023,2,4,1,7:33,0,KICKOFF - TB,FUMBLE,-25,-43,-41,6,9,3,,0,10,,P,0,INCOMPLETE,NCCR 04,,,31,-17,12,2-0-1-2,2x2,3,,,3/4/2004,L,,M,NCCR 86,,,,,HB-L,HB-L (-5),,1; NCCR 01 (HB-L),,,,L;L,21
118,"01 NCCR OFF vs. MDUN (09/09/23), Play 048",48,,9,44,1,10,0,,12,DOT LT JILL Y-PUNCH DANCER,GUN,,DOT,,,,,,,,JILL-JACK,JILL Y-PUNCH DANCER,,,PUNCH-Y DANCER,PUNCH-Y,DANCER,,,,P,I,,4,0,N,9/9/2023,9/9/2023,2,4,1,6:55,0,KICKOFF - TB,FUMBLE,-25,-43,44,6,9,4,,0,10,,P,0,INCOMPLETE,NCCR 04,,,31,-17,12,2-0-1-2,2x2,2.6,,,3/4/2004,L,,M,NCCR 00,,,NCCR 75,,HB-L,HB-L (-5),,1; NCCR 00 (HB-L),,,,L;R,10
119,"01 NCCR OFF vs. MDUN (09/09/23), Play 049",49,,9,44,2,10,-2,,12,TROLLY RT FLY N. ERASER,GUN,,TROLLY,,,,,,,FLY,,N. ERASER,,PENCIL-PAPER,ERASER,ERASER,,,,,R,,,4,4,N,9/9/2023,9/9/2023,2,4,2,6:49,0,KICKOFF - TB,FUMBLE,-25,-43,44,6,9,5,-2,-2,10,,R,1,,NCCR 04,NCCR 04,,31,-17,12,2-0-1-2,1x4,,,0,3/4/2004,L,,,,,,,,EMPTY,,R,,DRAW,QB RUNS,,,15
120,"01 NCCR OFF vs. MDUN (09/09/23), Play 050",50,,9,46,3,12,-5,,12,TRAIN RT OFF THURSDAY (CK. BEETLE STRAIGHT),GUN,,TRAIN,OFF,,,,,,,,BEETLE STRAIGHT,THURSDAY,BEETLE-SPIDER STRAIGHT,,,,,STRAIGHT,,R,,FUMBLE,4,4,N,9/9/2023,9/9/2023,2,4,3,6:06,0,KICKOFF - TB,FUMBLE,-25,-43,46,6,9,6,-5,-11,12,,R,1,,NCCR 04,NCCR 04,,31,-17,12,2-0-1-2,1x3,,,0,3/3/2005,C,,,,,,,,HB-R,HB-R (-6),L,1; NCCR 00 (HB-R),INSIDE ZONE,READ OPTION,,R,4
121,"01 NCCR OFF vs. MDUN (09/09/23), Play 051",51,,10,-25,0,10,12,,12,FLANK LT QK JILL SPACING LOOKIE,GUN,,FLANK,,,,,,,,JILL-JACK QK,QK JILL SPACING LOOKIE,,,SPACING LOOKIE,SPACING,LOOKIE,,,,P,C,,11,19,Y,9/9/2023,9/9/2023,2,4,1,4:35,0,KICKOFF - TB,TOUCHDOWN,-25,0,-25,9,10,1,12,12,10,1,P,0,COMPLETE,NCCR 11,NCCR 19,,38,-24,12,2-0-1-2,2x2,1.6,4,2,3/4/2004,L,,M,NCCR 19,,,,,HB-L,HB-L (-5),,1; NCCR 00 (HB-L),,,,L;L,15
122,"01 NCCR OFF vs. MDUN (09/09/23), Play 052",52,,10,-37,1,10,5,,12,DOT RT CLASSY QK JACK SPACING HERO,GUN,,DOT,,CLASSY,,,,,,JILL-JACK QK,QK JACK SPACING HERO,,,SPACING HERO,SPACING,HERO,,,,P,C,,11,12,Y,9/9/2023,9/9/2023,2,4,1,4:11,0,KICKOFF - TB,TOUCHDOWN,-25,0,-37,9,10,2,5,5,10,,P,0,COMPLETE,NCCR 11,NCCR 12,,38,-24,12,2-0-1-2,2x2,1.9,0,0,3/4/2004,C,,M,NCCR 12,,,,,HB-R,HB-R (-5),,1; NCCR 00 (HB-R),,,,L;R,22
123,"01 NCCR OFF vs. MDUN (09/09/23), Play 053",53,,10,-42,2,5,0,,12,TRIPS RT BEETLE,GUN,,TRIPS,,,,,,,,,BEETLE,,BEETLE-SPIDER,,,,,,,R,,,11,0,N,9/9/2023,9/9/2023,2,4,2,3:44,0,KICKOFF - TB,TOUCHDOWN,-25,0,-42,9,10,3,0,0,5,,R,0,,NCCR 11,NCCR 00,,38,-24,12,2-0-1-2,1x3,,,0,3/4/2004,L,,,,,,,,HB-R,HB-R (-6),R,1; NCCR 00 (HB-R),MAN,,,R;R,23
124,"01 NCCR OFF vs. MDUN (09/09/23), Play 054",54,,10,-42,3,5,3,,12,BUMP FLANK RT CLASSY ROCK Z-RAILROAD,GUN,,FLANK,,CLASSY,,,,,BUMP,LOAD-ROCK,ROCK Z-RAILROAD,,,RAILROAD-Z,RAILROAD-Z,,,,,P,C,,11,19,N,9/9/2023,9/9/2023,2,4,3,3:09,0,KICKOFF - TB,TOUCHDOWN,-25,0,-42,9,10,4,3,3,5,,P,0,COMPLETE,NCCR 11,NCCR 19,,38,-24,12,2-0-1-2,2x2,2.6,2,1,3/4/2004,C,,M,NCCR 19,,,,,HB-R,HB-R (-5),,1; NCCR 13 (HB-R),,,,R;R,11
125,"01 NCCR OFF vs. MDUN (09/09/23), Play 055",55,,10,-45,4,2,16,,12,BUMP FLANK RT CLASSY ROCK U-TURN LOOKIE,GUN,,FLANK,,CLASSY,,,,,BUMP,LOAD-ROCK,ROCK U-TURN LOOKIE,,,U-TURN LOOKIE,U-TURN,LOOKIE,,,,P,C,,11,12,Y,9/9/2023,9/9/2023,2,4,4,2:38,0,KICKOFF - TB,TOUCHDOWN,-25,0,-45,9,10,5,16,16,2,1,P,0,COMPLETE,NCCR 11,NCCR 12,,38,-24,12,2-0-1-2,2x2,1.8,9,9,3/4/2004,R,,M,NCCR 12,,,,,HB-R,HB-R (-5),,1; NCCR 13 (HB-R),,,,R;R,17
126,"01 NCCR OFF vs. MDUN (09/09/23), Play 056",56,,10,39,1,10,37,,12,DOT LT JILL Y-PUNCH DANCER,GUN,,DOT,,,,,,,,JILL-JACK,JILL Y-PUNCH DANCER,,,PUNCH-Y DANCER,PUNCH-Y,DANCER,,,,P,C,,11,12,Y,9/9/2023,9/9/2023,2,4,1,2:14,0,KICKOFF - TB,TOUCHDOWN,-25,0,39,9,10,6,37,37,10,1,P,0,COMPLETE,NCCR 11,NCCR 12,0,38,-24,12,2-0-1-2,2x2,2.7,5,3,3/4/2004,L,,L,NCCR 12,,(D) MDUN D35 DOF,NCCR 75,,HB-L,HB-L (-6),,1; NCCR 13 (HB-L),,,,L;R,25
127,"01 NCCR OFF vs. MDUN (09/09/23), Play 057",57,,10,2,1,2,0,,12,TRIPS RT OX THURSDAY (CK. F-S. SPEEDO),GUN,,TRIPS,,,,,,,,,F-S. SPEEDO,THURSDAY,SPEEDO,,,,,,,R,,,11,11,N,9/9/2023,9/9/2023,2,4,1,1:45,0,KICKOFF - TB,TOUCHDOWN,-25,0,2,9,10,7,0,0,2,,R,0,,NCCR 11,NCCR 11,,38,-24,12,2-0-1-2,0x4,,,3,3/4/2004,L,,,,,,,,HB-R,HB-R (-6),L,1; NCCR 13 (HB-R),OUTSIDE ZONE,SPEED OPTION,,R;R,
128,"01 NCCR OFF vs. MDUN (09/09/23), Play 058",58,,10,2,2,2,1,,13-F,(P) DOT LT SLOT Z-PLANE ROACH Z-SLICE,PISTOL,,DOT,,SLOT,,,PLANE-Z,,,,ROACH Z-SLICE,,ROACH-LEEECH SLICE,,,,,,,R,,,11,28,Y,9/9/2023,9/9/2023,2,4,2,1:40,0,KICKOFF - TB,TOUCHDOWN,-25,0,2,9,10,8,1,1,2,,R,0,,NCCR 11,NCCR 28,,38,-24,13,1-0-1-3,1x3,,,1,3/4/2004,L,,,,,,,,HB,HB (-7),L,1; NCCR 28 (HB),MAN,CROSS LEAD,,L;R,16
129,"01 NCCR OFF vs. MDUN (09/09/23), Play 059",59,,10,1,3,1,1,,13-F,(P) DOT LT SLOT Z-PLANE ROACH Z-SLICE,PISTOL,,DOT,,SLOT,,,PLANE-Z,,,,ROACH Z-SLICE,,ROACH-LEEECH SLICE,,,,,,,R,,,11,28,Y,9/9/2023,9/9/2023,2,4,3,1:26,0,KICKOFF - TB,TOUCHDOWN,-25,0,1,9,10,9,1,1,1,1,R,0,,NCCR 11,NCCR 28,,38,-24,13,1-0-1-3,1x3,,,4,3/4/2004,L,,,,,,,,HB,HB (-6),L,1; NCCR 28 (HB),MAN,CROSS LEAD,,L;R,20
130,"01 NCCR OFF vs. MDUN (09/09/23), Play 060",60,,10,3,5,3,0,,11,TRAIN RT 1 R-HOME JILL BRANCH SLICK,GUN,,TRAIN,,1,,,,,HOME-R,JILL-JACK,JILL BRANCH SLICK,,,BRANCH SLICK,BRANCH,SLICK,,,,P,SI,,11,19,N,9/9/2023,,,,,,,,,,,,,,,,,,,,,,,,,,,,,,,,,,,,,,,,,,,,,,,,,,
1,"01 NCCR OFF vs. SCST (09/02/23), Play 001",1,,1,-34,0,10,-2,,11,DAFFY RT Y-IN IRON,GUN,,DAFFY,,,,,IN-Y,,,,IRON,,IRON-STEEL,,,,,,,R,,,4,13,N,9/2/2023,9/2/2023,1,1,1,14:52,0,KICKOFF - RETURN,PUNT,-34,-40,-34,3,1,1,-2,-2,10,,R,1,,NCCR 04,NCCR 13,,0,0,11,3-0-1-1,2x2,,,1,4/4/2003,R,,,,,,,,HB-L,HB-L (-5),R,1; NCCR 13 (HB-L),POWER,,,R,2
2,"01 NCCR OFF vs. SCST (09/02/23), Play 002",2,,1,-32,2,12,-3,,11,DOLPHIN RT FLY S. ERASER,GUN,,DOLPHIN,,,,,,,FLY,,S. ERASER,,PENCIL-PAPER,ERASER,ERASER,,,,,P,,,4,13,N,9/2/2023,9/2/2023,1,1,2,14:25,0,KICKOFF - RETURN,PUNT,-34,-40,-32,3,1,2,-3,-3,12,,P,0,COMPLETE,NCCR 04,NCCR 13,,0,0,11,3-0-1-1,3x2,1.3,2,2,4/4/2003,R,,M,NCCR 13,,,,,EMPTY,,,,,,,,19
3,"01 NCCR OFF vs. SCST (09/02/23), Play 003",3,,1,-29,3,15,11,,11,DAFFY LT THURSDAY (Y-IN JILL MARS ANKLE),GUN,,DAFFY,,,,,IN-Y,,,JILL-JACK,JILL MARS ANKLE,THURSDAY,,MARS ANKLE,MARS,ANKLE,,,,P,,,4,10,N,9/2/2023,9/2/2023,1,1,3,13:37,0,KICKOFF - RETURN,PUNT,-34,-40,-29,3,1,3,11,11,15,,P,0,COMPLETE,NCCR 04,NCCR 10,,0,0,11,3-0-1-1,2x2,2.3,2,0,4/3/2004,L,,M,NCCR 10,,,,,HB-L,HB-L (-5),,1; NCCR 13 (HB-L),,,,L,2
4,"01 NCCR OFF vs. SCST (09/02/23), Play 004",4,,2,-25,0,10,-2,,11,(U) FIB DBL RT OFF H-JET WOLF GARBAGE Z-CRACK,UNDER,X,DBL,OFF,,,,JET-H,,,,WOLF GARBAGE Z-CRACK,,WOLF-JAGUAR SWEEP,,,,,,CRACK-Z,R,,,4,10,N,9/2/2023,9/2/2023,1,1,1,6:37,0,PUNT - OOB,PUNT,-25,-29,-25,3,2,1,-2,-2,10,,R,0,,NCCR 04,NCCR 10,,0,0,11,3-0-1-1,2x2,,,2,4/4/2003,L,,,,,,,,HB,HB (-7),L,1; NCCR 13 (HB),TRICK,MISDIRECTION,,R,21
5,"01 NCCR OFF vs. SCST (09/02/23), Play 005",5,,2,-23,2,12,4,,11F,DUO RT NASTY SPIDER CUT HERO,GUN,,DUO,,NASTY,,,,,,,SPIDER CUT HERO,,BEETLE-SPIDER CUT,HERO,HERO,,,,,R,,,4,13,N,9/2/2023,9/2/2023,1,1,2,6:05,0,PUNT - OOB,PUNT,-25,-29,-23,3,2,2,4,4,12,,R,1,,NCCR 04,NCCR 13,,0,0,11,3-0-1-1,2x1,,,4,4/4/2003,R,,,,,,,,HB-L; FB-R,HB-L (-5); FB-R (-4),R,2; NCCR 13 (HB-L); NCCR 35 (FB-R),INSIDE ZONE,SPLIT,,,14
6,"01 NCCR OFF vs. SCST (09/02/23), Play 006",6,,,-27,3,8,,,11,BUMP TROLLY LT THURSDAY,GUN,,TROLLY,,,,,,,BUMP,,THURSDAY,THURSDAY,,,,,,,,X,,PENALTY,4,,N,9/2/2023,,,,,,,,,,,,,,,,,,,,,,,,,,,,,,,,,,,,,,,,,,,,,,,,,,
7,"01 NCCR OFF vs. SCST (09/02/23), Play 007",7,,2,-22,3,13,9,,11,TROLLY LT Y-PLANE BEETLE CUT,GUN,,TROLLY,,,,,PLANE-Y,,,,BEETLE CUT,,BEETLE-SPIDER CUT,,,,,,,R,,,4,13,N,9/2/2023,9/2/2023,1,1,3,5:11,0,PUNT - OOB,PUNT,-25,-29,-22,3,2,3,7,7,13,,R,0,,NCCR 04,NCCR 13,,0,0,11,3-0-1-1,3x1,,,0,4/3/2004,C,,,,,,,,HB-R,HB-R (-5),L,1; NCCR 13 (HB-R),INSIDE ZONE,SPLIT,,,8
8,"01 NCCR OFF vs. SCST (09/02/23), Play 008",8,,3,-10,0,10,,,21,(U) TRIPS LT Z-CAN S. PITT,UNDER,,TRIPS,,,,,CAN-Z,,,,S. PITT,,PITT,,,,,,,X,,PENALTY,4,28,N,9/2/2023,9/2/2023,1,1,1,2:41,0,PUNT - OOB,INTERCEPTION,-10,-12,-10,3,3,1,7,-1,10,,R,0,,NCCR 04,NCCR 28,-8,0,0,12,2-0-1-2,2x2,,,5,4/3/2004,R,,,,,NCCR 50 UNR,,,HB,HB (-7),L,1; NCCR 28 (HB),POWER,,,L;L,14
9,"01 NCCR OFF vs. SCST (09/02/23), Play 009",9,,3,-7,2,13,5,,21,(U) TRIPS LT Z-CAN S. PITT,UNDER,,TRIPS,,,,,CAN-Z,,,,S. PITT,,PITT,,,,,,,R,,,4,28,N,9/2/2023,9/2/2023,1,1,2,2:25,0,PUNT - OOB,INTERCEPTION,-10,-12,-7,3,3,2,4,5,13,,R,0,,NCCR 04,NCCR 28,,0,0,12,2-0-1-2,2x2,,,1,4/4/2003,R,,,,,,,,HB,HB (-6),L,1; NCCR 28 (HB),POWER,,,L;L,18
10,"01 NCCR OFF vs. SCST (09/02/23), Play 010",10,,3,-12,3,8,,,11,BUMP DUAL RT CLASSY ROCK H-RAILROAD,GUN,,DUAL,,CLASSY,,,,,BUMP,LOAD-ROCK,ROCK H-RAILROAD,,,RAILROAD-H,RAILROAD-H,,,,,P,INT,INT,4,10,N,9/2/2023,9/2/2023,1,1,3,1:32,0,PUNT - OOB,INTERCEPTION,-10,-12,-12,3,3,3,,0,8,,P,0,INTERCEPTION,NCCR 04,,15,0,0,11,3-0-1-1,2x2,4.1,,,4/3/2004,R,SCST D25,M,NCCR 10,,SCST D56 UNSd,NCCR 50; NCCR 79,,HB-R,HB-R (-5),,1; NCCR 01 (HB-R),,,,R,20
11,"01 NCCR OFF vs. SCST (09/02/23), Play 011",11,,4,-31,0,10,4,,21,STEP DEUCE RT SLOT BEETLE SLICE,GUN,,DEUCE,,SLOT,,,STEP,,,,BEETLE SLICE,,BEETLE-SPIDER SLICE,,,,,,,R,,,4,1,Y,9/2/2023,9/2/2023,1,2,1,13:45,0,KICKOFF - RETURN,TOUCHDOWN,-31,0,-31,8,4,1,4,4,10,,R,0,,NCCR 04,NCCR 01,,0,-3,12,2-0-1-2,3x1,,,1,4/4/2003,R,,,,,,,,HB-R,HB-R (-6),R,1; NCCR 01 (HB-R),MAN,SPLIT,,L;R,14
12,"01 NCCR OFF vs. SCST (09/02/23), Play 012",12,,4,-35,2,6,14,,21,FLEX RT H-IN N. PITT HERO,GUN,,FLEX,,,,,IN-H,,,,N. PITT HERO,,PITT,HERO,HERO,,,,,R,,,4,1,Y,9/2/2023,9/2/2023,1,2,2,13:15,0,KICKOFF - RETURN,TOUCHDOWN,-31,0,-35,8,4,2,14,14,6,1,R,0,,NCCR 04,NCCR 01,,0,-3,12,2-0-1-2,2x2,,,0,4/4/2003,R,,,,,,,,HB-L,HB-L (-5),R,1; NCCR 01 (HB-L),POWER,,,R,16
13,"01 NCCR OFF vs. SCST (09/02/23), Play 013",13,,4,-49,1,10,12,,21,FLEX RT H-IN N. PITT HERO,GUN,,FLEX,,,,,IN-H,,,,N. PITT HERO,,PITT,HERO,HERO,,,,,R,,,4,1,Y,9/2/2023,9/2/2023,1,2,1,12:48,0,KICKOFF - RETURN,TOUCHDOWN,-31,0,-49,8,4,3,12,12,10,1,R,1,,NCCR 04,NCCR 01,,0,-3,12,2-0-1-2,2x2,,,11,4/4/2003,R,,,,,,,,HB-L,HB-L (-6),R,1; NCCR 01 (HB-L),POWER,,,R,21
14,"01 NCCR OFF vs. SCST (09/02/23), Play 014",14,,4,39,1,10,7,,21,FLEX RT H-IN N. PITT HERO,GUN,,FLEX,,,,,IN-H,,,,N. PITT HERO,,PITT,HERO,HERO,,,,,R,,,4,13,Y,9/2/2023,9/2/2023,1,2,1,12:12,0,KICKOFF - RETURN,TOUCHDOWN,-31,0,39,8,4,4,7,7,10,,R,1,,NCCR 04,NCCR 13,,0,-3,12,2-0-1-2,2x2,,,4,4/4/2003,C,,,,,,,,HB-L,HB-L (-5),R,1; NCCR 13 (HB-L),POWER,,,R,12
15,"01 NCCR OFF vs. SCST (09/02/23), Play 015",15,#35 BLOCK,4,32,2,3,22,,21,FLEX RT H-IN BEETLE STRAIGHT CRACK,GUN,,FLEX,,,,,IN-H,,,,BEETLE STRAIGHT CRACK,,BEETLE-SPIDER STRAIGHT,,,,,,CRACK,R,,,4,4,Y,9/2/2023,9/2/2023,1,2,2,11:33,0,KICKOFF - RETURN,TOUCHDOWN,-31,0,32,8,4,5,22,22,3,1,R,1,,NCCR 04,NCCR 04,,0,-3,12,2-0-1-2,2x2,,,0,4/4/2003,C,,,,,,,,HB-R,HB-R (-6),R,1; NCCR 13 (HB-R),MAN,READ OPTION,,R,10
16,"01 NCCR OFF vs. SCST (09/02/23), Play 016",16,,4,10,1,10,7,,21,DEUCE RT Z-PLANE LEECH Z-SLICE,GUN,,DEUCE,,,,,PLANE-Z,,,,LEECH Z-SLICE,,ROACH-LEECH SLICE,,,,,,,R,,,4,13,Y,9/2/2023,9/2/2023,1,2,1,10:53,0,KICKOFF - RETURN,TOUCHDOWN,-31,0,10,8,4,6,7,7,10,,R,0,,NCCR 04,NCCR 13,,0,-3,12,2-0-1-2,3x1,,,2,4/4/2003,R,,,,,,,,HB-R,HB-R (-5),R,1; NCCR 13 (HB-R),MAN,SPLIT,,L;R,6
17,"01 NCCR OFF vs. SCST (09/02/23), Play 017",17,,4,3,2,3,1,,21,DEUCE RT Z-PLANE LEECH Z-SLICE,GUN,,DEUCE,,,,,PLANE-Z,,,,LEECH Z-SLICE,,ROACH-LEECH SLICE,,,,,,,R,,,4,1,N,9/2/2023,9/2/2023,1,2,2,10:27,0,KICKOFF - RETURN,TOUCHDOWN,-31,0,3,8,4,7,1,1,3,,R,0,,NCCR 04,NCCR 01,,0,-3,12,2-0-1-2,3x1,,,3,4/4/2003,R,,,,,,,,HB-R,HB-R (-6),R,1; NCCR 01 (HB-R),MAN,SPLIT,,L;R,21
18,"01 NCCR OFF vs. SCST (09/02/23), Play 018",18,,4,2,3,2,,,21,DEUCE RT SLOT THURSDAY,GUN,,DEUCE,,SLOT,,,,,,,THURSDAY,THURSDAY,,,,,,,,X,DEF PENALTY,,4,19,Y,9/2/2023,,,,,,,,,,,,,,,,,,,,,,,,,,,,,,,,,,,,,,,,,,,,,,,,,,
19,"01 NCCR OFF vs. SCST (09/02/23), Play 019",19,,4,1,3,1,1,,12,(PEEK) DEUCE RT SLOT LION OLY,GUN,,DEUCE,,SLOT,,,,,,,LION OLY,PEEK,BEAR-LION OMAR,,,,,,,R,,,4,4,Y,9/2/2023,9/2/2023,1,2,3,9:59,0,KICKOFF - RETURN,TOUCHDOWN,-31,0,1,8,4,8,1,1,1,1,R,0,,NCCR 04,NCCR 04,,0,-3,12,2-0-1-2,3x1,,,0,4/4/2003,R,,,,,,,,HB-L,HB-L (-5),L,1; NCCR 01 (HB-L),OUTSIDE ZONE,SPEED OPTION,,L;R,10
20,"01 NCCR OFF vs. SCST (09/02/23), Play 020",20,,5,-25,0,10,8,,21,DEUCE LT SLOT LEECH MIKE,GUN,,DEUCE,,SLOT,,,,,,,LEECH MIKE,,ROACH-LEECH MIKE,,,,,,,R,,,4,1,Y,9/2/2023,9/2/2023,1,2,1,8:26,0,PUNT - FC,TOUCHDOWN,-25,0,-25,9,5,1,8,8,10,,R,0,,NCCR 04,NCCR 01,,7,4,12,2-0-1-2,1x3,,,2,4/4/2003,L,,,,,,,,HB-R,HB-R (-6),R,1; NCCR 01 (HB-R),MAN,LEAD,,L;R,23
21,"01 NCCR OFF vs. SCST (09/02/23), Play 021",21,,5,-33,2,2,1,,21,FLEX LT H-IN SPIDER STRAIGHT CRACK,GUN,,FLEX,,,,,IN-H,,,,SPIDER STRAIGHT CRACK,,BEETLE-SPIDER STRAIGHT,,,,,,CRACK,P,,,4,81,N,9/2/2023,9/2/2023,1,2,2,7:55,0,PUNT - FC,TOUCHDOWN,-25,0,-33,9,5,2,1,1,2,,P,1,COMPLETE,NCCR 04,NCCR 81,,7,4,12,2-0-1-2,2x2,2.6,1,0,4/4/2003,L,,L,NCCR 81,,,,,HB-L,HB-L (-6),,1; NCCR 01 (HB-L),MAN,,,L,15
22,"01 NCCR OFF vs. SCST (09/02/23), Play 022",22,,5,-34,3,1,16,,21,NINER BUG,GUN,,TRAIN,,,BILLY,,,,,,NINER BUG,NINER,BEETLE-SPIDER QK,,,,,,,R,,,4,1,Y,9/2/2023,9/2/2023,1,2,3,7:35,0,PUNT - FC,TOUCHDOWN,-25,0,-34,9,5,3,16,16,1,1,R,0,,NCCR 04,NCCR 01,,7,4,12,2-0-1-2,1x3,,,11,4/4/2003,L,,,,,,,,HB-R,HB-R (-5),R,1; NCCR 01 (HB-R),MAN,,,R,28
23,"01 NCCR OFF vs. SCST (09/02/23), Play 023",23,,5,50,1,10,,,12,DEUCE RT SLOT S. CALI GRONK GOAT,GUN,,DEUCE,,SLOT,,,,,,CALI,S. CALI GRONK GOAT,,,GRONK GOAT,GRONK,GOAT,,,,X,,PENALTY,4,4,N,9/2/2023,9/2/2023,1,2,1,6:41,0,PUNT - FC,TOUCHDOWN,-25,0,50,9,5,4,-2,-2,10,,R,0,,NCCR 04,NCCR 28,,7,4,12,2-0-1-2,3x1,,,1,4/4/2003,R,,,,,,,,HB-L,HB-L (-6),L,1; NCCR 28 (HB-L),MAN,,,L;R,15
24,"01 NCCR OFF vs. SCST (09/02/23), Play 024",24,,5,50,1,10,-2,,21,DEUCE RT SLOT ROACH MIKE,GUN,,DEUCE,,SLOT,,,,,,,ROACH MIKE,,ROACH-LEECH MIKE,,,,,,,R,,,4,28,N,9/2/2023,9/2/2023,1,2,1,6:41,0,PUNT - FC,TOUCHDOWN,-25,0,50,9,5,4,-2,-2,10,,R,0,,NCCR 04,NCCR 28,,7,4,12,2-0-1-2,3x1,,,1,4/4/2003,R,,,,,,,,HB-L,HB-L (-6),L,1; NCCR 28 (HB-L),MAN,,,L;R,15
25,"01 NCCR OFF vs. SCST (09/02/23), Play 025",25,,5,-48,2,12,,,11,DAFFY RT FLY LOAD SLOP R-SWING,GUN,,DAFFY,,,,,,,FLY,LOAD-ROCK,LOAD SLOP R-SWING,,,SLOP SWING-R,SLOP,SWING-R,,,,X,,PENALTY,4,28,N,9/2/2023,9/2/2023,1,2,2,6:06,0,PUNT - FC,TOUCHDOWN,-25,0,-48,9,5,5,2,-8,12,,P,0,COMPLETE,NCCR 04,NCCR 28,-10,7,4,11,3-0-1-1,3x2,1.4,6,0,4/4/2003,R,,M,NCCR 28,,NCCR 10 OH,,,EMPTY,,,,,,,,12
26,"01 NCCR OFF vs. SCST (09/02/23), Play 026",26,,5,-40,2,20,15,,11,DUAL LT OFF NASTY STEEL Z-POP,GUN,,DUAL,OFF,NASTY,,,,,,,STEEL Z-POP,,IRON-STEEL,,,,,POP-Z,,P,,,4,19,Y,9/2/2023,9/2/2023,1,2,2,5:34,0,PUNT - FC,TOUCHDOWN,-25,0,-40,9,5,6,15,15,20,,P,1,COMPLETE,NCCR 04,NCCR 19,,7,4,11,3-0-1-1,2x2,2.1,2,2,4/3/2004,L,,M,NCCR 19,,,,,HB-R,HB-R (-6),,1; NCCR 01 (HB-R),POWER,,,L,14
27,"01 NCCR OFF vs. SCST (09/02/23), Play 027",27,,5,45,3,5,,,11,DOLPHIN LT THURSDAY,GUN,,DOLPHIN,,,,,,,,,THURSDAY,THURSDAY,,,,,,,,X,DEF PENALTY,,4,,Y,9/2/2023,,,,,,,,,,,,,,,,,,,,,,,,,,,,,,,,,,,,,,,,,,,,,,,,,,
28,"01 NCCR OFF vs. SCST (09/02/23), Play 028",28,,5,30,1,10,10,,21,FLEX LT H-IN S. PITT HERO,GUN,,FLEX,,,,,IN-H,,,,S. PITT HERO,,PITT,HERO,HERO,,,,,R,,,4,1,Y,9/2/2023,9/2/2023,1,2,1,4:58,0,PUNT - FC,TOUCHDOWN,-25,0,30,9,5,7,10,10,10,1,R,1,,NCCR 04,NCCR 01,,7,4,12,2-0-1-2,2x2,,,6,4/3/2004,L,,,,,,,,HB-R,HB-R (-6),L,1; NCCR 01 (HB-R),POWER,,,L,24
29,"01 NCCR OFF vs. SCST (09/02/23), Play 029",29,,5,20,1,10,14,,21,FIB FLEX RT H-IN BEETLE STRAIGHT CRACK,GUN,X,FLEX,,,,,IN-H,,,,BEETLE STRAIGHT CRACK,,BEETLE-SPIDER STRAIGHT,,,,,STRAIGHT,CRACK,R,,,4,4,Y,9/2/2023,9/2/2023,1,2,1,4:50,0,PUNT - FC,TOUCHDOWN,-25,0,20,9,5,8,14,14,10,1,P,1,RUN,NCCR 04,NCCR 04,,7,4,12,2-0-1-2,2x2,4.5,,3,4/3/2004,L,,X,,,,,R,HB-R,HB-R (-6),,1; NCCR 01 (HB-R),MAN,,,R,13
30,"01 NCCR OFF vs. SCST (09/02/23), Play 030",30,,5,6,1,6,6,,21,DEUCE RT Z-PLANE LEECH Z-SLICE,GUN,,DEUCE,,,,,PLANE-Z,,,,LEECH Z-SLICE,,ROACH-LEECH SLICE,,,,,,,R,,,4,1,Y,9/2/2023,9/2/2023,1,2,1,4:17,0,PUNT - FC,TOUCHDOWN,-25,0,6,9,5,9,6,6,6,1,R,0,,NCCR 04,NCCR 01,,7,4,12,2-0-1-2,3x1,,,0,4/3/2004,R,,,,,,,,HB-R,HB-R (-6),R,1; NCCR 01 (HB-R),MAN,READ OPTION;SPLIT,,L;R,11
31,"01 NCCR OFF vs. SCST (09/02/23), Play 031",31,#86 HARD RUN,6,-18,0,10,10,,12,FLEX LT H-PLANE LEECH STREET,GUN,,FLEX,,,,,PLANE-H,,,,LEECH STREET,2 MINUTE,ROACH-LEECH STREET,,,,,STREET,,P,,,4,86,Y,9/2/2023,9/2/2023,1,2,1,2:19,2,PUNT - RETURN,FIELD GOAL,-18,27,-18,10,6,1,10,10,10,1,P,1,COMPLETE,NCCR 04,NCCR 86,,14,11,12,2-0-1-2,2x2,1.8,11,4,4/4/2003,L,,M,NCCR 86,,,,,HB-R,HB-R (-5),,1; NCCR 01 (HB-R),INSIDE ZONE,,,L,10
32,"01 NCCR OFF vs. SCST (09/02/23), Play 032",32,,6,-28,1,10,5,,12,FLANK RT SQUEEZE QK JACK SPACING X-STICK,GUN,,FLANK,,SQUEEZE,,,,,,JILL-JACK QK,QK JACK SPACING X-STICK,2 MINUTE,,SPACING STICK-X,SPACING,STICK-X,,,,P,,,4,81,Y,9/2/2023,9/2/2023,1,2,1,1:54,2,PUNT - RETURN,FIELD GOAL,-18,27,-28,10,6,2,5,5,10,,P,0,COMPLETE,NCCR 04,NCCR 81,,14,11,12,2-0-1-2,2x2,2.4,0,0,4/4/2003,R,,M,NCCR 81,,,,,HB-R,HB-R (-6),,1; NCCR 01 (HB-R),,,,R;R,18
33,"01 NCCR OFF vs. SCST (09/02/23), Play 033",33,,6,-33,2,5,16,,11,DUAL RT OFF F-JACK BOOT ICE,GUN,,DUAL,OFF,,,,,,,JILL-JACK,F-JACK BOOT ICE,2 MINUTE,,BOOT ICE,BOOT,ICE,,,,P,,,4,19,Y,9/2/2023,9/2/2023,1,2,2,1:30,2,PUNT - RETURN,FIELD GOAL,-18,27,-33,10,6,3,16,16,5,1,P,0,COMPLETE,NCCR 04,NCCR 19,,14,11,11,3-0-1-1,2x2,2.5,1,0,4/4/2003,R,,R,NCCR 19,,,,,HB-L,HB-L (-6),,1; NCCR 13 (HB-L),,,,R,24
34,"01 NCCR OFF vs. SCST (09/02/23), Play 034",34,,6,-49,1,10,0,,11,DUAL RT JACK Y-PUNCH DANCER,GUN,,DUAL,,,,,,,,JILL-JACK,JACK Y-PUNCH DANCER,2 MINUTE,,PUNCH-Y DANCER,PUNCH-Y,DANCER,,,,P,,,4,19,N,9/2/2023,9/2/2023,1,2,1,1:25,2,PUNT - RETURN,FIELD GOAL,-18,27,-49,10,6,4,,0,10,,P,0,INCOMPLETE,NCCR 04,,,14,11,11,3-0-1-1,2x2,2.7,,,4/4/2003,R,,R,NCCR 19,,,,,HB-R,HB-R (-6),,1; NCCR 13 (HB-R),,,,R,17
35,"01 NCCR OFF vs. SCST (09/02/23), Play 035",35,,6,-49,2,10,8,,11,DOLPHIN RT FLY S. ERASER,GUN,,DOLPHIN,,,,,,,FLY,,S. ERASER,2 MINUTE,PENCIL-PAPER,ERASER,ERASER,,,,,R,,,4,4,Y,9/2/2023,9/2/2023,1,2,2,1:21,2,PUNT - RETURN,FIELD GOAL,-18,27,-49,10,6,5,8,8,10,,P,0,RUN,NCCR 04,NCCR 04,,14,11,11,3-0-1-1,3x2,2.5,,4,4/4/2003,R,,X,,,,,C,EMPTY,,,,,,,,10
36,"01 NCCR OFF vs. SCST (09/02/23), Play 036",36,HELL YEAH,6,43,3,2,4,,11,NINER BUG,GUN,,TRAIN,,,BILLY,,,,,,NINER BUG,NINER,BEETLE-SPIDER QK,,,,,,,R,,,4,13,Y,9/2/2023,9/2/2023,1,2,3,1:03,2,PUNT - RETURN,FIELD GOAL,-18,27,43,10,6,6,4,4,2,1,R,0,,NCCR 04,NCCR 13,,14,11,11,3-0-1-1,3x1,,,2,4/3/2004,R,,,,,,,,HB-L,HB-L (-6),L,1; NCCR 13 (HB-L),MAN,READ OPTION,,L,30
37,"01 NCCR OFF vs. SCST (09/02/23), Play 037",37,,6,39,1,10,15,,11,DUAL RT OFF F-JACK BOOT ICE,GUN,,DUAL,OFF,,,,,,,JILL-JACK,F-JACK BOOT ICE,2 MINUTE,,BOOT ICE,BOOT,ICE,,,,P,,,4,19,Y,9/2/2023,9/2/2023,1,2,1,0:46,2,PUNT - RETURN,FIELD GOAL,-18,27,39,10,6,7,15,15,10,1,P,0,COMPLETE,NCCR 04,NCCR 19,,14,11,11,3-0-1-1,2x2,2.6,0,0,4/3/2004,C,,R,NCCR 19,,,,,HB-L,HB-L (-6),,1; NCCR 13 (HB-L),,,,R,24
38,"01 NCCR OFF vs. SCST (09/02/23), Play 038",38,,6,24,1,10,-6,,11,Z-TANGO RT ROCK SMASH CUBE,GUN,,TANGO,,,,,,,,LOAD-ROCK,ROCK SMASH CUBE,2 MINUTE,,SMASH CUBE,SMASH,CUBE,,,,P,,SACK,4,4,N,9/2/2023,9/2/2023,1,2,1,0:39,2,PUNT - RETURN,FIELD GOAL,-18,27,24,10,6,8,-6,-6,10,,P,0,SACK,NCCR 04,NCCR 04,,14,11,11,3-0-1-1,3x1,2.4,,,4/3/2004,R,,X,,,,NCCR 04,,HB-R,HB-R (-5),,1; NCCR 13 (HB-R),,,SCST D11,R,12
39,"01 NCCR OFF vs. SCST (09/02/23), Play 039",39,,6,30,2,16,3,,11,BOOM,GUN,,DICE,,,,,,,,JILL-JACK,BOOM,2 MINUTE,,BOOM,BOOM,,,,,P,,,4,18,N,9/2/2023,9/2/2023,1,2,2,0:23,2,PUNT - RETURN,FIELD GOAL,-18,27,30,10,6,9,3,3,16,,P,0,COMPLETE,NCCR 04,NCCR 18,,14,11,11,3-0-1-1,2x2,1.6,0,0,4/3/2004,R,,R,NCCR 18,,,,,HB-L,HB-L (-5),,1; NCCR 13 (HB-L),,,,,
40,"01 NCCR OFF vs. SCST (09/02/23), Play 040",40,,6,27,3,13,0,,11,TROLLY LT ROCK PIN SPROLES,GUN,,TROLLY,,,,,,,,LOAD-ROCK,ROACK PIN SPROLES,2 MINUTE,,PIN SPROLES,PIN,SPROLES,,,,P,DROP,DROP,4,13,N,9/2/2023,9/2/2023,1,2,3,0:18,2,PUNT - RETURN,FIELD GOAL,-18,27,27,10,6,10,,0,13,,P,0,INCOMPLETE,NCCR 04,,,14,11,11,3-0-1-1,3x1,2.1,,,4/3/2004,R,,M,NCCR 13,,,,,HB-R,HB-R (-6),,1; NCCR 13 (HB-R),,,,,7
41,"01 NCCR OFF vs. SCST (09/02/23), Play 041",41,,7,-15,0,10,2,,12,DEUCE LT SLOT LEECH,GUN,,DEUCE,,SLOT,,,,,,,LEECH,,ROACH-LEECH,,,,,,,R,,,4,13,N,9/2/2023,9/2/2023,1,3,1,12:20,0,PUNT - FC,PUNT,-15,-19,-15,3,7,1,2,2,10,,R,0,,NCCR 04,NCCR 13,,17,14,12,2-0-1-2,1x3,,,1,4/4/2003,L,,,,,,,,HB-R,HB-R (-6),R,1; NCCR 13 (HB-R),MAN,,,L;R,21
42,"01 NCCR OFF vs. SCST (09/02/23), Play 042",42,,7,-17,2,8,-6,,12,DEUCE LT SLOT LEECH STRAIGHT,GUN,,DEUCE,,SLOT,,,,,,,LEECH STRAIGHT,,ROACH-LEECH STRAIGHT,,,,,STRAIGHT,,R,,,4,4,N,9/2/2023,9/2/2023,1,3,2,11:54,0,PUNT - FC,PUNT,-15,-19,-17,3,7,2,-6,-6,8,,P,1,SACK,NCCR 04,NCCR 04,,17,14,12,2-0-1-2,1x3,1.9,,,4/4/2003,L,,X,,,,,,HB-R,HB-R (-6),,1; NCCR 00 (HB-R),INSIDE ZONE,,SCST D34,L;R,30
43,"01 NCCR OFF vs. SCST (09/02/23), Play 043",43,,7,-11,3,14,7,,11,TROLLY RT THURSDAY (Y-PLANE SPIDER CUT),GUN,,TROLLY,,,,,PLANE-Y,,,,SPIDER CUT,THURSDAY,BEETLE-SPIDER CUT,,,,,,,R,,,4,0,N,9/2/2023,9/2/2023,1,3,3,11:15,0,PUNT - FC,PUNT,-15,-19,-11,3,7,3,8,8,14,,R,0,,NCCR 04,NCCR 00,,17,14,11,3-0-1-1,1x3,,,5,4/3/2004,L,,,,,,,,HB-L,HB-L (-5),R,1; NCCR 00 (HB-L),MAN,READ OPTION;SPLIT,,,7
44,"01 NCCR OFF vs. SCST (09/02/23), Play 044",44,,8,-3,0,10,0,,22-Z,NEAR RT TITE ROACH SLICE,UNDER,,NEAR,,TITE,,,,,,,ROACH SLICE,,ROACH-LEECH SLICE,,,,,,,R,,,4,13,N,9/2/2023,9/2/2023,1,3,1,4:41,0,DOWNS,PUNT,-3,-1,-3,3,8,1,0,0,10,,R,0,,NCCR 04,NCCR 13,,17,14,13,1-0-1-3,1x2,,,1,4/4/2003,L,,,,,,,,HB; FB-R,HB (-7); FB-R (-4),R,2; NCCR 13 (HB); NCCR 35 (FB-R),INSIDE ZONE,SPLIT,,L;R,7
45,"01 NCCR OFF vs. SCST (09/02/23), Play 045",45,,8,-3,2,10,1,,22-Z,NEAR RT TITE ROACH SLICE,UNDER,,NEAR,,TITE,,,,,,,ROACH SLICE,,ROACH-LEECH SLICE,,,,,,,R,,,4,1,N,9/2/2023,9/2/2023,1,3,2,4:16,0,DOWNS,PUNT,-3,-1,-3,3,8,2,1,1,10,,R,0,,NCCR 04,NCCR 01,,17,14,13,1-0-1-3,1x2,,,2,4/4/2003,L,,,,,,,,HB; FB-R,HB (-7); FB-R (-3),R,2; NCCR 01 (HB); NCCR 35 (FB-R),INSIDE ZONE,SPLIT,,L;R,22
46,"01 NCCR OFF vs. SCST (09/02/23), Play 046",46,,8,-4,3,9,-3,,12,FLANK LT THURSDAY (LEECH CUT),GUN,,FLANK,,,,,,,,,LEECH CUT,THURSDAY,ROACH-LEECH CUT,,,,,,,R,,,4,1,N,9/2/2023,9/2/2023,1,3,3,3:33,0,DOWNS,PUNT,-3,-1,-4,3,8,3,-3,-3,9,,R,0,,NCCR 04,NCCR 01,,17,14,12,2-0-1-2,2x2,,,0,4/4/2003,L,,,,,,,,HB-R,HB-R (-6),L,1; NCCR 01 (HB-R),INSIDE ZONE,READ OPTION;SPLIT,,L;L,5
47,"01 NCCR OFF vs. SCST (09/02/23), Play 047",47,,9,-35,0,10,3,,11,TRAFFIX LT OFF X-JET WOLF BROOM,GUN,,TRAFFIX,OFF,,,,JET-X,,,,WOLF BROOM,,WOLF-JAGUAR SWEEP,,,,,,,P,,,4,12,N,9/2/2023,9/2/2023,1,3,1,0:43,0,DOWNS,MISSED FG,-35,15,-35,11,9,1,3,3,10,,P,0,COMPLETE,NCCR 04,NCCR 12,,17,14,11,3-0-1-1,3x1,0.6,7,0,4/4/2003,C,,M,NCCR 12,,,,,HB-L,HB-L (-5),,1; NCCR 28 (HB-L),,,,L,9
48,"01 NCCR OFF vs. SCST (09/02/23), Play 048",48,,9,-38,2,7,7,,11,FIB DBL RT H-BOMBER IRON,GUN,X,DBL,,,,,BOMBER-H,,,,IRON,,IRON-STEEL,,,,,,,R,,,4,0,Y,9/2/2023,9/2/2023,1,3,2,0:08,0,DOWNS,MISSED FG,-35,15,-38,11,9,2,7,7,7,1,R,0,,NCCR 04,NCCR 00,,17,14,11,3-0-1-1,2x2,,,2,4/4/2003,L,,,,,,,,HB-L,HB-L (-5),R,1; NCCR 00 (HB-L),COUNTER,,,R,
49,"01 NCCR OFF vs. SCST (09/02/23), Play 049",49,,9,-45,1,10,7,,11,(PEEK) Z-TANGO LT SPIDER R-SWEEP Z-BUBBLE (CK SPIDER Z-BUBBLE),GUN,,TANGO,,,,,,,,,SPIDER Z-BUBBLE,PEEK,BEETLE-SPIDER,,,,,,BUBBLE-Z,R,,,4,0,Y,9/2/2023,9/2/2023,1,4,1,15:00,0,DOWNS,MISSED FG,-35,15,-45,11,9,3,7,7,10,,R,1,,NCCR 04,NCCR 00,,17,14,11,3-0-1-1,1x3,,,5,4/4/2003,C,,,,,,,,HB-L,HB-L (-5),R,1; NCCR 00 (HB-L),INSIDE ZONE,READ OPTION,,L,15
50,"01 NCCR OFF vs. SCST (09/02/23), Play 050",50,#0 HARD RUN,9,48,2,3,17,,11F,Z-TOXIC RT Y-CREEP WOLF BOB,GUN,,TOXIC,,,,,CREEP-Y,,,,WOLF BOB,,WOLF-JAGUAR BOB,,,,,,,R,,,4,0,Y,9/2/2023,9/2/2023,1,4,2,14:26,0,DOWNS,MISSED FG,-35,15,48,11,9,4,17,17,3,1,R,0,,NCCR 04,NCCR 00,,17,14,11,3-0-1-1,3x0,,,9,4/4/2003,C,,,,,,,,HB-R; FB-R,HB-R (-5); FB-R (-3),L,2; NCCR 00 (HB-R); NCCR 35 (FB-R),OUTSIDE ZONE,CROSS LEAD,,,13
51,"01 NCCR OFF vs. SCST (09/02/23), Play 051",51,#35 BLOCK,9,31,1,10,2,,11F,Z-TOXIC LT SPIDER MIKE,GUN,,TOXIC,,,,,,,,,SPIDER MIKE,,BEETLE-SPIDER MIKE,,,,,,,R,,,4,1,N,9/2/2023,9/2/2023,1,4,1,13:53,0,DOWNS,MISSED FG,-35,15,31,11,9,5,2,2,10,,R,0,,NCCR 04,NCCR 01,,17,14,11,3-0-1-1,1x3,,,3,4/3/2004,L,,,,,,,,HB-L,HB-L (-6),R,1; NCCR 01 (HB-L),INSIDE ZONE,SPLIT,,L,14
52,"01 NCCR OFF vs. SCST (09/02/23), Play 052",52,,9,29,2,8,5,,11,(U) H-TANGO LT BILLY H-JET JAGUAR GARBAGE,UNDER,,TANGO,,,BILLY,,JET-H,,,,JAGUAR GARBAGE,,WOLF-JAGUAR SWEEP,,,,,,,R,,,4,10,Y,9/2/2023,9/2/2023,1,4,2,13:13,0,DOWNS,MISSED FG,-35,15,29,11,9,6,5,5,8,,R,0,,NCCR 04,NCCR 10,,17,14,11,3-0-1-1,1x3,,,3,4/3/2004,L,,,,,,,,HB,HB (-7),R,1; NCCR 00 (HB),TRICK,,,L,8
53,"01 NCCR OFF vs. SCST (09/02/23), Play 053",53,,9,24,3,3,2,,11,NINER BUG,GUN,,TRAIN,,,BILLY,,,,,,NINER BUG,NINER,BEETLE-SPIDER QK,,,,,,,R,,,4,0,N,9/2/2023,9/2/2023,1,4,3,12:49,0,DOWNS,MISSED FG,-35,15,24,11,9,7,2,2,3,,R,0,,NCCR 04,NCCR 00,,17,14,11,3-0-1-1,1x3,,,1,4/3/2004,L,,,,,,,,HB,HB (-5),L,1; NCCR 00 (HB),INSIDE ZONE,READ OPTION,,R,25
54,"01 NCCR OFF vs. SCST (09/02/23), Play 054",54,HELL YEAH,9,21,4,1,2,,22-Z,DOT LT SLOT Z-IN SNEAKER,UNDER,,DOT,,SLOT,,,,,,,SNEAKER,,SNEAKER,,,,,,,R,,,4,4,Y,9/2/2023,,,,,,,,,,,,,,,,,,,,,,,,,,,,,,,,,,,,,,,,,,,,,,,,,,
55,"01 NCCR OFF vs. SCST (09/02/23), Play 055",55,,9,19,1,10,5,,12,FLEX LT H-IN S. PITT HERO,GUN,,FLEX,,,,,IN-H,,,,S. PITT HERO,,PITT,HERO,HERO,,,,,R,,,4,0,Y,9/2/2023,9/2/2023,1,4,1,11:32,0,DOWNS,MISSED FG,-35,15,19,11,9,9,5,5,10,,R,1,,NCCR 04,NCCR 00,,17,14,12,2-0-1-2,2x2,,,4,4/3/2004,L,,,,,,,,HB-R,HB-R (-5),L,1; NCCR 00 (HB-R),POWER,,,L;L,4
56,"01 NCCR OFF vs. SCST (09/02/23), Play 056",56,,9,14,2,5,1,,12,FLEX LT H-PLANE LEECH STREET,GUN,,FLEX,,,,,PLANE-H,,,,LEECH STREET,,ROACH-LEECH STREET,,,,,STREET,,R,,,4,0,N,9/2/2023,9/2/2023,1,4,2,10:56,0,DOWNS,MISSED FG,-35,15,14,11,9,10,1,1,5,,R,0,,NCCR 04,NCCR 00,,17,14,12,2-0-1-2,2x2,,,1,4/3/2004,L,,,,,,,,HB-R,HB-R (-5),L,1; NCCR 00 (HB-R),INSIDE ZONE,READ OPTION,,L,12
57,"01 NCCR OFF vs. SCST (09/02/23), Play 057",57,,9,13,3,4,-1,,12,YAHOO FLANK LT THURSDAY (QK JILL SPACING X-STICK),GUN,,FLANK,,,,,YAHOO,,,JILL-JACK QK,QK JILL SPACING X-STICK,THURSDAY,,SPACING SLAY,SPACING,,,,,P,,SACK,4,4,N,9/2/2023,9/2/2023,1,4,3,10:15,0,DOWNS,MISSED FG,-35,15,13,11,9,11,-2,-2,4,,R,1,,NCCR 04,NCCR 04,,17,14,12,2-0-1-2,2x2,,,1,4/3/2004,L,,,,,,,,HB-L,HB-L (-5),R,1; NCCR 00 (HB-L),DRAW,LEAD;QB RUNS,,L;L,8
58,"01 NCCR OFF vs. SCST (09/02/23), Play 058",58,,10,50,0,10,3,,21,(U) TRIPS RT Z-CAN N. PITT,UNDER,,TRIPS,,,,,CAN-Z,,,,N. PITT,,PITT,,,,,,,R,,,4,28,N,9/2/2023,9/2/2023,1,4,1,8:56,0,MUFFED PUNT,TOUCHDOWN,50,0,50,4,10,1,3,3,10,,R,0,,NCCR 04,NCCR 28,,17,14,12,2-0-1-2,2x2,,,4,4/4/2003,L,,,,,,,,HB,HB (-7),R,1; NCCR 28 (HB),POWER,,,R;R,6
59,"01 NCCR OFF vs. SCST (09/02/23), Play 059",59,,10,47,2,7,11,,21,FIB THIEF LT BILLY Z-TOPGUN LEECH CUT X-STICK,GUN,X,THIEF,,,BILLY,,TOPGUN-Z,,,,LEECH CUT X-STICK,,ROACH-LEECH CUT,STICK-X,STICK-X,,,,,P,,,4,2,Y,9/2/2023,9/2/2023,1,4,2,8:23,0,MUFFED PUNT,TOUCHDOWN,50,0,47,4,10,2,11,11,7,1,P,0,COMPLETE,NCCR 04,NCCR 02,,17,14,12,2-0-1-2,2x2,1.7,6,3,4/4/2003,L,,M,NCCR 02,,,,,HB-R,HB-R (-6),,1; NCCR 28 (HB-R),INSIDE ZONE,,,L;L,15
60,"01 NCCR OFF vs. SCST (09/02/23), Play 060",60,,10,36,1,10,0,,12,DEUCE RT SLOT N. TEXAS Z-SKI,GUN,,DEUCE,,SLOT,,,,,,TEXAS,N. TEXAS Z-SKI,,,SKI-Z,SKI-Z,,,,,P,DROP,DROP,4,10,N,9/2/2023,9/2/2023,1,4,1,7:42,0,MUFFED PUNT,TOUCHDOWN,50,0,36,4,10,3,,0,10,,P,0,INCOMPLETE,NCCR 04,,,17,14,12,2-0-1-2,3x1,4.8,,,4/4/2003,R,,R,NCCR 10,,,,,HB-L,HB-L (-6),,1; NCCR 28 (HB-L),UNDEFINED,,,L;R,9
61,"01 NCCR OFF vs. SCST (09/02/23), Play 061",61,#19 BLOCK,10,36,2,10,36,,12,(PEEK) FLANK RT H-CREEP ROACH STREET,GUN,,FLANK,,,,,CREEP-H,,,,ROACH STREET,PEEK,ROACH-LEECH STREET,,,,,STREET,,P,,,4,86,Y,9/2/2023,9/2/2023,1,4,2,7:33,0,MUFFED PUNT,TOUCHDOWN,50,0,36,4,10,4,36,36,10,1,P,1,COMPLETE,NCCR 04,NCCR 86,,17,14,12,2-0-1-2,2x2,2.3,38,0,4/4/2003,R,,M,NCCR 86,,,,,HB-L,HB-L (-6),,1; NCCR 00 (HB-L),INSIDE ZONE,,,R;R,18
62,"01 NCCR OFF vs. SCST (09/02/23), Play 062",62,,11,22,0,10,1,,21,(U) TRIPS LT Z-CAN S. PITT,UNDER,,TRIPS,,,,,CAN-Z,,,,S. PITT,,PITT,,,,,,,R,,,4,0,N,9/2/2023,9/2/2023,1,4,1,6:37,4,INTERCEPTION,INTERCEPTION,22,7,22,6,11,1,1,1,10,,R,0,,NCCR 04,NCCR 00,,24,21,12,2-0-1-2,2x2,,,3,4/4/2003,R,,,,,,,,HB,HB (-7),L,1; NCCR 00 (HB),POWER,,,L;L,2
63,"01 NCCR OFF vs. SCST (09/02/23), Play 063",63,,11,21,2,9,0,,21,FLANK RT SQUEEZE QK JACK SPACING X-STICK,GUN,,FLANK,,SQUEEZE,,,,,,JILL-JACK QK,QK JACK SPACING X-STICK,,,SPACING STICK-X,SPACING,,,,,P,,,4,22,N,9/2/2023,9/2/2023,1,4,2,6:04,4,INTERCEPTION,INTERCEPTION,22,7,21,6,11,2,,0,9,,P,0,INCOMPLETE,NCCR 04,,,24,21,12,2-0-1-2,2x2,1.8,,,4/4/2003,R,,M,NCCR 22,,,,,HB-R,HB-R (-6),,1; NCCR 00 (HB-R),,,,R;R,14
64,"01 NCCR OFF vs. SCST (09/02/23), Play 064",64,,11,21,3,9,12,,11,DAFFY RT FLY LOAD SLOP R-SWING,GUN,,DAFFY,,,,,,,FLY,LOAD-ROCK,LOAD SLOP R-SWING,,,SLOP SWING-R,SLOP,,,,,P,,,4,4,Y,9/2/2023,9/2/2023,1,4,3,6:00,4,INTERCEPTION,INTERCEPTION,22,7,21,6,11,3,12,12,9,1,P,0,RUN,NCCR 04,NCCR 04,,24,21,11,3-0-1-1,3x2,4,,0,4/4/2003,R,,X,,,,NCCR 76,R,EMPTY,,,,,,,,11
65,"01 NCCR OFF vs. SCST (09/02/23), Play 065",65,,11,9,1,9,3,,11,(PEEK) TRAIN LT OFF LION OLY,GUN,,TRAIN,OFF,,,,,,,,LION OLY,PEEK,BEAR-LION OMAR,,,,,,,R,,,4,4,N,9/2/2023,9/2/2023,1,4,1,5:29,4,INTERCEPTION,INTERCEPTION,22,7,9,6,11,4,3,3,9,,R,0,,NCCR 04,NCCR 04,,24,21,11,3-0-1-1,3x1,,,1,4/4/2003,R,,,,,,,,HB-L,HB-L (-6),L,1; NCCR 13 (HB-L),OUTSIDE ZONE,SPEED OPTION,,L,10
66,"01 NCCR OFF vs. SCST (09/02/23), Play 066",66,,11,6,2,6,-1,,12,FLANK LT H-CREEP LEECH STREET,GUN,,FLANK,,,,,CREEP-H,,,,LEECH STREET,,ROACH-LEECH STREET,,,,,STREET,,R,,,4,28,N,9/2/2023,9/2/2023,1,4,2,4:53,4,INTERCEPTION,INTERCEPTION,22,7,6,6,11,5,-1,-1,6,,R,1,,NCCR 04,NCCR 28,,24,21,12,2-0-1-2,2x2,,,1,4/4/2003,L,,,,,,,,HB-R,HB-R (-6),L,1; NCCR 28 (HB-R),INSIDE ZONE,,,L,13
67,"01 NCCR OFF vs. SCST (09/02/23), Play 067",67,,11,7,3,7,,,12,FIB DEUCE RT SLOT BEETLE STREET,GUN,X,DEUCE,,SLOT,,,,,,,BEETLE STREET,,BEETLE-SPIDER STREET,,,,,STREET,,P,INT,INT,4,17,N,9/2/2023,9/2/2023,1,4,3,4:13,4,INTERCEPTION,INTERCEPTION,22,7,7,6,11,6,,0,7,,P,0,INTERCEPTION,NCCR 04,,,24,21,12,2-0-1-2,3x1,4.3,,,4/4/2003,L,SCST D44,R,NCCR 17,,,,,HB-R,HB-R (-6),,1; NCCR 28 (HB-R),INSIDE ZONE,,,L;R,7
68,"01 NCCR OFF vs. SCST (09/02/23), Play 068",68,,12,-41,0,10,8,,11,Z-TOXIC LT Y-CREEP JAGUAR BOB,GUN,,TOXIC,,,,,CREEP-Y,,,,JAGUAR BOB,4 MINUTE,WOLF-JAGUAR BOB,,,,,,,R,,,11,13,Y,9/2/2023,9/2/2023,1,4,1,1:54,0,PUNT - RETURN,END OF GAME,-41,49,-41,3,12,1,8,8,10,,R,0,,NCCR 11,NCCR 13,,24,21,11,3-0-1-1,0x3,,,4,4/4/2003,L,,,,,,,,HB-L; FB-L,HB-L (-5); FB-L (-2),R,2; NCCR 13 (HB-L); NCCR 17 (FB-L),OUTSIDE ZONE,READ OPTION;SPLIT,,,24
69,"01 NCCR OFF vs. SCST (09/02/23), Play 069",69,,12,-49,2,2,5,,11,Z-TOXIC LT Y-CREEP JAGUAR BOB,GUN,,TOXIC,,,,,CREEP-Y,,,,JAGUAR BOB,4 MINUTE,WOLF-JAGUAR BOB,,,,,,,R,,,11,13,Y,9/2/2023,9/2/2023,1,4,2,1:18,0,PUNT - RETURN,END OF GAME,-41,49,-49,3,12,2,5,5,2,1,R,0,,NCCR 11,NCCR 13,,24,21,11,3-0-1-1,0x3,,,2,4/4/2003,C,,,,,,,,HB-L; FB-L,HB-L (-5); FB-L (-2),R,2; NCCR 13 (HB-L); NCCR 17 (FB-L),OUTSIDE ZONE,READ OPTION,,,12
70,"01 NCCR OFF vs. SCST (09/02/23), Play 070",70,,12,46,1,10,-2,,,VICTORY,,,,,,,,,,,,VICTORY,4 MINUTE,,,,,,,,X,,,11,,N,9/2/2023,9/2/2023,1,4,1,0:33,0,PUNT - RETURN,END OF GAME,-41,49,46,3,12,3,-3,-3,10,,R,0,,NCCR 11,NCCR 11,,24,21,13,1-0-1-3,1x1,,,0,4/4/2003,R,,,,,,,,HB; FB-L; FB-R,HB (-9); FB-L (-2); FB-R (-2),U,3; NCCR 13 (FB-L); NCCR 19 (HB); NCCR 35 (FB-R),UNDEFINED,,,L;R,0
131,"03 NCCR OFF vs. GAST (09/16/23), Play 001",1,,1,-38,1,10,9,,12,(U) FIB DEUCE RT WOLF RENO H-SLIDE Y-TARDY,UNDER,X,DEUCE,,,,,SLIDE-H,,,WOLF-JAGUAR RENO,WOLF RENO H-SLIDE Y-TARDY,,,SLIDE-H TARDY-Y,SLIDE-H,TARDY-Y,,,,R,,,4,4,Y,9/16/2023,,,,,,,,,,,,,,,,,,,,,,,,,,,,,,,,,,,,,,,,,,,,,,,,,,
132,"03 NCCR OFF vs. GAST (09/16/23), Play 002",2,,1,-47,2,1,-1,,12,NINER PITT,PISTOL,,TRIPS,,OX,,,,,,,NINER PITT,NINER,PITT,,,,,,,R,,,4,13,N,9/16/2023,,,,,,,,,,,,,,,,,,,,,,,,,,,,,,,,,,,,,,,,,,,,,,,,,,
133,"03 NCCR OFF vs. GAST (09/16/23), Play 003",3,,1,-45,3,2,1,,21,FIRE SNEAKER,UNDER,,TRIX,,,,,YAHOO,JET-X,IN-H,,FIRE SNEAKER,FIRE,SNEAKER,,,,,,,R,,,4,4,N,9/16/2023,9/16/2023,3,1,3,11:59,0,PUNT - RETURN,DOWNS,-37,-44,-45,4,1,3,1,1,2,,R,0,,NCCR 04,NCCR 04,,0,0,12,2-0-1-2,0x3,,,1,3/4/2004,C,,,,,,,,HB; FB,HB (-6); FB (-2),U,2; NCCR 13 (HB); NCCR 35 (FB),SNEAK,,,R,26
134,"03 NCCR OFF vs. GAST (09/16/23), Play 004",4,,1,-46,4,1,-2,,21,FIRE WOLF GARBAGE,UNDER,,TRIX,,,,,YAHOO,JET-X,,,FIRE GARBAGE,FIRE,WOLF-JAGUAR SWEEP,,,,,,,R,,,4,12,N,9/16/2023,9/16/2023,3,1,4,11:15,0,PUNT - RETURN,DOWNS,-37,-44,-46,4,1,4,-2,-2,1,,R,0,,NCCR 04,NCCR 12,,0,0,12,2-0-1-2,1x3,,,0,3/4/2004,C,,,,,,,,HB,HB (-7),R,1; NCCR 13 (HB),TRICK,,,R;R,17
135,"03 NCCR OFF vs. GAST (09/16/23), Play 005",5,,2,-25,1,10,1,,12,YAC FIB TROLLY LT BUNDLE SPIDER BOOK FORCE,GUN,X,TROLLY,,,,,AC-Y,,,,SPIDER BOOK FORCE,,BEETLE-SPIDER BOOK,,,,,,FORCE,P,C,,11,19,N,9/16/2023,9/16/2023,3,1,1,8:44,0,KICKOFF - TB,PUNT,-25,-47,-25,5,2,1,1,1,10,,P,1,COMPLETE,NCCR 11,NCCR 19,,0,-7,12,2-0-1-2,3x1,1.4,5,0,3/4/2004,L,,L,NCCR 19,,,,,HB-L,HB-L (-5),,1; NCCR 01 (HB-L),INSIDE ZONE,,,,9
136,"03 NCCR OFF vs. GAST (09/16/23), Play 006",6,,2,-26,2,9,15,,12,FLANK LT S. LA GRONK HERO,GUN,,FLANK,,,,,,,,LA,S. LA GRONK HERO,,,GRONK HERO,GRONK,HERO,,,,P,C,,11,18,Y,9/16/2023,9/16/2023,3,1,2,8:16,0,KICKOFF - TB,PUNT,-25,-47,-26,5,2,2,15,15,9,1,P,0,COMPLETE,NCCR 11,NCCR 18,,0,-7,12,2-0-1-2,2x2,2.1,6,2,3/4/2004,L,,M,NCCR 18,,,,,HB-R,HB-R (-5),L,1; NCCR 13 (HB-R),POWER,,,L;L,19
137,"03 NCCR OFF vs. GAST (09/16/23), Play 007",7,,2,-41,1,10,1,,12,BUMP TRAIN RT OFF SQUEEZE N. PABLO,GUN,,TRAIN,,,,,,,BUMP,LOAD-ROCK,N. PABLO,,,PABLO,PABLO,,,,,P,C,,11,13,N,9/16/2023,9/16/2023,3,1,1,7:44,0,KICKOFF - TB,PUNT,-25,-47,-41,5,2,3,1,1,10,,P,0,COMPLETE,NCCR 11,NCCR 13,,0,-7,12,2-0-1-2,1x3,1.4,7,1,3/4/2004,C,,M,NCCR 13,,,,,HB-R,HB-R (-5),,1; NCCR 13 (HB-R),,,,R,15
138,"03 NCCR OFF vs. GAST (09/16/23), Play 008",8,,2,-42,2,9,5,,11,DAFFY RT 1 ROCK SLOP CHOP,EMPTY,,DAFFY,,,,,,,,LOAD-ROCK,ROCK SLOP CHOP,,,SLOP CHOP,SLOP,CHOP,,,,P,C,,11,13,Y,9/16/2023,9/16/2023,3,1,2,7:09,0,KICKOFF - TB,PUNT,-25,-47,-42,5,2,4,5,5,9,,P,0,COMPLETE,NCCR 11,NCCR 13,,0,-7,11,3-0-1-1,3x2,2.3,3,2,3/3/2005,R,,L,NCCR 13,,,,,EMPTY,,,,,,,,13
139,"03 NCCR OFF vs. GAST (09/16/23), Play 009",9,,2,-47,3,4,0,,11,NINER RAILROAD,GUN,,DUAL,,CLASSY,,,,,,LOAD-ROCK,NINER RAILROAD,NINER,,RAILROAD-H,RAILROAD-H,,,,,P,I,,11,10,N,9/16/2023,9/16/2023,3,1,3,6:45,0,KICKOFF - TB,PUNT,-25,-47,-47,5,2,5,,0,4,,P,0,INCOMPLETE,NCCR 11,,,0,-7,11,3-0-1-1,2x2,5.1,,,3/3/2005,L,,L,NCCR 10,,,NCCR 75; NCCR 76,,HB-L,HB-L (-6),,1; NCCR 13 (HB-L),,,,L,25
140,"03 NCCR OFF vs. GAST (09/16/23), Play 010",10,,3,-25,1,10,5,,11,FIB DOUBLE LT OFF H-JET TIGER,GUN,X,DOUBLE,,,,,JET-H,,,,TIGER,,BENGAL-TIGER,,,,,,,R,,,11,1,Y,9/16/2023,9/16/2023,3,2,1,14:56,0,KICKOFF - TB,INTERCEPTION,-25,38,-25,4,3,1,5,5,10,,R,0,,NCCR 11,NCCR 01,,0,-10,11,3-0-1-1,2x2,,,3,3/3/2005,R,,,,,,,,HB-L,HB-L (-6),R,1; NCCR 01 (HB-L),COUNTER,CROSS LEAD,,L,8
141,"03 NCCR OFF vs. GAST (09/16/23), Play 011",11,,3,-30,2,5,0,,11,DUAL RT QK JACK SPACING X-STICK,GUN,,DUAL,,,,,,,,JILL-JACK QK,QK JACK SPACING X-STICK,,,SPACING STICK-X,SPACING,STICK-X,,,,P,I,,11,10,N,9/16/2023,9/16/2023,3,2,2,14:32,0,KICKOFF - TB,INTERCEPTION,-25,38,-30,4,3,2,,0,5,,P,0,INCOMPLETE,NCCR 11,,,0,-10,11,3-0-1-1,2x2,1.5,,,3/3/2005,R,,M,NCCR 10,,,,,HB-R,HB-R (-5),R,1; NCCR 01 (HB-R),,,,R,22
142,"03 NCCR OFF vs. GAST (09/16/23), Play 012",12,,3,-30,3,5,32,,11,ROCKY TRAIN LT OFF A LOAD Y-DELAY CHOP X-FADE,GUN,,TRAIN,,,,,,,ROCKY,LOAD-ROCK,LOAD Y-DELAY CHOP X-FADE,,,DELAY-Y CHOP FADE-X,DELAY-Y,CHOP,,,FADE-X,P,C,,11,12,Y,9/16/2023,9/16/2023,3,2,3,14:27,0,KICKOFF - TB,INTERCEPTION,-25,38,-30,4,3,3,32,32,5,1,P,0,COMPLETE,NCCR 11,NCCR 12,,0,-10,11,3-0-1-1,4x1,2.2,4,4,2/4/2005,R,,R,NCCR 12,,,,,EMPTY,,,,,,,L,1
143,"03 NCCR OFF vs. GAST (09/16/23), Play 013",13,,3,38,1,10,,,11,DUAL RT JACK Y-PUNCH DANCER,GUN,,DUAL,,,,,,,,JILL-JACK,JACK Y-PUNCH DANCER,,,PUNCH-Y DANCER,PUNCH-Y,DANCER,,,,P,INT,INT,11,12,,9/16/2023,9/16/2023,3,2,1,14:04,0,KICKOFF - TB,INTERCEPTION,-25,38,38,4,3,4,,0,10,,P,0,INTERCEPTION,NCCR 11,,,0,-10,11,3-0-1-1,2x2,2.5,,,3/3/2005,R,GAST D03,L,NCCR 12,,,,,HB-R,HB-R (-6),R,1; NCCR 01 (HB-R),,,,R,20
144,"03 NCCR OFF vs. GAST (09/16/23), Play 014",14,,4,-25,1,10,-1,,11,(P) FIB TRAIN RT OFF Y-CREEP EAGLES,PISTOL,,TRAIN,,,,,CREEP-Y,,,,EAGLES,,EAGLES-RAVENS,,,,,,,R,,,11,0,N,9/16/2023,9/16/2023,3,2,1,13:43,0,KICKOFF - TB,DOWNS,-25,3,-25,12,4,1,-1,-1,10,,R,0,,NCCR 11,NCCR 00,,0,-17,11,3-0-1-1,1x2,,,0,3/3/2005,R,,,,,,,,HB; FB-R,HB (-7); FB-R (-2),L,2; NCCR 00 (HB); NCCR 18 (FB-R),MAN,CROSS LEAD,,,9
145,"03 NCCR OFF vs. GAST (09/16/23), Play 015",15,,4,-24,2,11,32,,12,DEUCE LT SLOT N. CALI H-TSUNAMI,GUN,,DEUCE,,,,,,,,CALI,N. CALI H-TSUNAMI,,,TSUNAMI-H,TSUNAMI-H,,,,,P,C,,11,86,Y,9/16/2023,9/16/2023,3,2,2,13:10,0,KICKOFF - TB,DOWNS,-25,3,-24,12,4,2,34,34,11,1,P,0,COMPLETE,NCCR 11,NCCR 86,,0,-17,12,2-0-1-2,1x3,3.9,12,3,3/4/2004,C,,M,NCCR 86,,,,,HB-L,HB-L (-5),,1; NCCR 00 (HB-L),POWER,,,L;R,13
146,"03 NCCR OFF vs. GAST (09/16/23), Play 016",16,,4,42,1,10,0,,11,FIB DOUBLE LT OFF H-JET TIGER,GUN,X,DOUBLE,,,,,JET-H,,,,TIGER,,BENGAL-TIGER,,,,,,,R,,,11,0,N,9/16/2023,9/16/2023,3,2,1,12:49,0,KICKOFF - TB,DOWNS,-25,3,42,12,4,3,0,0,10,,R,0,,NCCR 11,NCCR 00,,0,-17,11,3-0-1-1,2x2,,,2,3/3/2005,R,,,,,,,,HB-L,HB-L (-6),R,1; NCCR 00 (HB-L),COUNTER,CROSS LEAD,,L,34
147,"03 NCCR OFF vs. GAST (09/16/23), Play 017",17,,4,42,2,10,5,,11,YAC TRAIN LT OFF S. SPRINTY SMASH,GUN,,TRAIN,,,,,AC-Y,,,SPRINTY,S. SPRINTY SMASH,,,SMASH,SMASH,,,,,P,C,,11,19,Y,9/16/2023,9/16/2023,3,2,2,12:15,0,KICKOFF - TB,DOWNS,-25,3,42,12,4,4,6,6,10,,P,0,COMPLETE,NCCR 11,NCCR 19,,0,-17,11,3-0-1-1,3x1,3.9,0,0,3/3/2005,R,,L,NCCR 19,,,,,HB-R,HB-R (-5),R,1; NCCR 00 (HB-R),,,,L,12
148,"03 NCCR OFF vs. GAST (09/16/23), Play 018",18,,4,37,3,5,2,,12,FIB DOUBLE RT H-PLANE BEETLE SLICE,GUN,X,DOUBLE,,,,,PLANE-H,,,,BEETLE SLICE,,BEETLE-SPIDER SLICE,,,,,,,R,,,11,0,Y,9/16/2023,,,,,,,,,,,,,,,,,,,,,,,,,,,,,,,,,,,,,,,,,,,,,,,,,,
149,"03 NCCR OFF vs. GAST (09/16/23), Play 019",19,,4,35,4,3,17,,12,DOS LT F-JILL COAT X-DANGLE,GUN,,DOS,,,,,,,,JILL-JACK,F-JILL COAT X-DANGLE,,,COAT DANGLE-X,COAT,DANGLE-X,,,,P,C,,11,19,Y,9/16/2023,9/16/2023,3,2,4,11:16,0,KICKOFF - TB,DOWNS,-25,3,35,12,4,6,17,17,3,1,P,0,COMPLETE,NCCR 11,NCCR 19,,0,-17,12,2-0-1-2,2x2,2.5,3,1,3/4/2004,L,,L,NCCR 19,,,,,HB-R,HB-R (-5),,1; NCCR 13 (HB-R),,,,L;R,
150,"03 NCCR OFF vs. GAST (09/16/23), Play 020",20,,4,18,1,10,3,,12,DEUCE LT OFF THURSDAY (CK. BEETLE SLICE),GUN,,DEUCE,,,,,,,,,BEETLE SLICE,,BEETLE-SPIDER SLICE,,,,,,,R,,,11,1,N,9/16/2023,9/16/2023,3,2,1,10:42,0,KICKOFF - TB,DOWNS,-25,3,18,12,4,7,3,3,10,,R,0,,NCCR 11,NCCR 01,,0,-17,12,2-0-1-2,2x2,,,0,3/4/2004,L,,,,,,,,HB-R,HB-R (-6),R,1; NCCR 01 (HB-R),MAN,CROSS LEAD,,L;R,10
151,"03 NCCR OFF vs. GAST (09/16/23), Play 021",21,,4,15,2,7,12,,11,BUMP DUAL LT S. LA GRONK HERO,GUN,,DUAL,,,,,,,BUMP,LA,S. LA GRONK HERO,,,GRONK HERO,GRONK,HERO,,,,P,C,,11,18,Y,9/16/2023,9/16/2023,3,2,2,10:11,0,KICKOFF - TB,DOWNS,-25,3,15,12,4,8,12,12,7,1,P,0,COMPLETE,NCCR 11,NCCR 18,,0,-17,11,3-0-1-1,2x2,2.1,1,1,3/4/2004,L,,M,NCCR 18,,,,,HB-R,HB-R (-5),L,1; NCCR 01 (HB-R),POWER,,,L,16
152,"03 NCCR OFF vs. GAST (09/16/23), Play 022",22,,4,3,1,3,-2,,23,(U) GL RT S. G-LEAD,UNDER,,GL,,,,,,,,,S. G-LEAD,,G-LEAD,,,,,,,R,,,11,1,N,9/16/2023,9/16/2023,3,2,1,9:30,0,KICKOFF - TB,DOWNS,-25,3,3,12,4,9,-2,-2,3,,R,0,,NCCR 11,NCCR 01,,0,-17,14,0-0-1-4,1x2,,,-1,4/4/2003,C,,,,,,,,HB; FB,HB (-7); FB (-3),L,2; NCCR 01 (HB); NCCR 35 (FB),PULL LEAD,LEAD,,L;R;R,5
153,"03 NCCR OFF vs. GAST (09/16/23), Play 023",23,,4,5,2,5,4,,12,DOT LT SLOT Z-PLANE ROACH Y-CULDESAC,GUN,,DOT,,,,,PLANE-Z,,,,ROACH Y-CULDESAC,,ROACH-LEECH CULDESAC-Y,,,,,CULDESAC-Y,,R,,,11,1,Y,9/16/2023,9/16/2023,3,2,2,8:55,0,KICKOFF - TB,DOWNS,-25,3,5,12,4,10,4,4,5,,R,1,,NCCR 11,NCCR 01,,0,-17,12,2-0-1-2,1x3,,,3,3/4/2004,L,,,,,,,,HB-L,HB-L (-5),L,1; NCCR 01 (HB-L),INSIDE ZONE,,,L;R,13
154,"03 NCCR OFF vs. GAST (09/16/23), Play 024",24,,4,1,3,1,0,,13-F,DOT LT SLOT Z-PLANE ROACH Z-SLICE,GUN,,DOT,,,,,PLANE-Z,,,,ROACH Z-SLICE,,ROACH-LEECH SLICE,,,,,,,R,,,11,1,N,9/16/2023,9/16/2023,3,2,3,8:28,0,KICKOFF - TB,DOWNS,-25,3,1,12,4,11,0,0,1,,R,1,,NCCR 11,NCCR 01,,0,-17,13,1-0-1-3,1x3,,,1,4/4/2003,L,,,,,,,,HB-L,HB-L (-5),R,1; NCCR 01 (HB-L),INSIDE ZONE,SPLIT,,L;R,32
155,"03 NCCR OFF vs. GAST (09/16/23), Play 025",25,,4,1,4,1,-3,,23,(U) GL LT N. G-LEAD PASS,UNDER,,GL,,,,,,,,G-LEAD PASS,N. G-LEAD PASS,,,G-LEAD PASS,G-LEAD PASS,,,,,P,C,,11,35,N,9/16/2023,9/16/2023,3,2,4,7:43,0,KICKOFF - TB,DOWNS,-25,3,1,12,4,12,-2,-2,1,,P,0,COMPLETE,NCCR 11,NCCR 35,,0,-17,14,0-0-1-4,2x1,2.6,1,0,4/4/2003,L,,M,NCCR 35,,,,,HB; FB,HB (-7); FB (-4),,2; NCCR 01 (HB); NCCR 35 (FB),PULL LEAD,,,L;L;R,2
156,"03 NCCR OFF vs. GAST (09/16/23), Play 026",26,,5,49,1,10,36,,12,DEUCE LT OFF CLASSY N. TEXAS Z-WAVE,GUN,,DEUCE,,,,,,,,TEXAS,N. TEXAS Z-WAVE,,,WAVE-Z,WAVE-Z,,,,,P,C,,11,19,Y,9/16/2023,9/16/2023,3,2,1,5:20,0,PUNT - RETURN,FIELD GOAL,49,12,49,4,5,1,37,37,10,1,P,0,COMPLETE,NCCR 11,NCCR 19,,0,-17,12,2-0-1-2,2x2,4.5,12,2,3/4/2004,L,,M,NCCR 19,,,NCCR 55,,HB-L,HB-L (-6),,1; NCCR 01 (HB-L),UNDEFINED,,,L;R,21
157,"03 NCCR OFF vs. GAST (09/16/23), Play 027",27,,5,13,1,10,3,,12,DEUCE RT OFF THURSDAY (CK. BEETLE SLICE),GUN,,DEUCE,,,,,,,,,BEETLE SLICE,,BEETLE-SPIDER SLICE,,,,,,,R,,,11,1,N,9/16/2023,,,,,,,,,,,,,,,,,,,,,,,,,,,,,,,,,,,,,,,,,,,,,,,,,,
158,"03 NCCR OFF vs. GAST (09/16/23), Play 028",28,,5,10,2,7,3,,12,NINER PITT,PISTOL,,TRIPS,,OX,,,,,,,NINER PITT,NINER,PITT,,,,,,,R,,,11,1,N,9/16/2023,,,,,,,,,,,,,,,,,,,,,,,,,,,,,,,,,,,,,,,,,,,,,,,,,,
159,"03 NCCR OFF vs. GAST (09/16/23), Play 029",29,,5,7,3,4,,,12,DEUCE RT SLOT BEETLE Y-CULDESAC,GUN,,DEUCE,,,,,,,,,BEETLE Y-CULDESAC,,BEETLE-SPIDER CULDESAC,,,,,CULDESAC-Y,,,,PENALTY,11,,,9/16/2023,,,,,,,,,,,,,,,,,,,,,,,,,,,,,,,,,,,,,,,,,,,,,,,,,,
160,"03 NCCR OFF vs. GAST (09/16/23), Play 030",30,,5,12,3,9,0,,12,BUMP FLANK RT SQUEEZE ROCK TOPPER R-WHEEL DRACO,GUN,,FLANK,,SQ,,,,,BUMP,LOAD-ROCK,ROCK TOPPER R-WHEEL DRACO,,,TOPPER R-WHEEL DRACO,TOPPER,DRACO,,,WHEEL-R,P,I,,11,,N,9/16/2023,,,,,,,,,,,,,,,,,,,,,,,,,,,,,,,,,,,,,,,,,,,,,,,,,,
161,"03 NCCR OFF vs. GAST (09/16/23), Play 031",31,,6,42,1,10,0,,11,DUAL RT JACK Y-PUNCH DANCER,GUN,,DUAL,,,,,,,,JILL-JACK,JACK Y-PUNCH DANCER,,,PUNCH-Y DANCER,PUNCH-Y,DANCER,,,,P,I,DROP,11,19,N,9/16/2023,9/16/2023,3,2,1,1:54,2,PUNT - RETURN,TOUCHDOWN,42,0,42,7,6,1,,0,10,,P,0,INCOMPLETE,NCCR 11,,,3,-14,11,3-0-1-1,2x2,2.8,,,3/3/2005,R,,R,NCCR 19,,,,,HB-R,HB-R (-5),R,1; NCCR 13 (HB-R),,,,R,19
162,"03 NCCR OFF vs. GAST (09/16/23), Play 032",32,,6,42,2,10,7,,11,DUAL RT CLASSY ROCK H-RAILROAD,GUN,,DUAL,,CLASSY,,,,,,LOAD-ROCK,ROCK H-RAILROAD,,,RAILROAD-H,RAILROAD-H,,,,,P,C,,11,10,Y,9/16/2023,9/16/2023,3,2,2,1:49,2,PUNT - RETURN,TOUCHDOWN,42,0,42,7,6,2,7,7,10,,P,0,COMPLETE,NCCR 11,NCCR 10,,3,-14,11,3-0-1-1,2x2,2.8,2,1,3/3/2005,R,,M,NCCR 10,,,NCCR 52; NCCR 76,,HB-R,HB-R (-5),,1; NCCR 13 (HB-R),,,,R,18
163,"03 NCCR OFF vs. GAST (09/16/23), Play 033",33,,6,35,3,3,0,,11,Z-TANGO RT S. CALI RUBY,GUN,,TANGO,,,,,,,,,S. CALI RUBY,,,,,,LUCY-RUBY CALI,,,P,I,,11,18,N,9/16/2023,9/16/2023,3,2,3,1:42,2,PUNT - RETURN,TOUCHDOWN,42,0,35,7,6,3,,0,3,,P,0,THROWN AWAY,NCCR 11,,,3,-14,11,3-0-1-1,3x1,3.6,,,3/3/2005,R,,X,,,,,,HB-R,HB-R (-5),L,1; NCCR 13 (HB-R),POWER,,,R,12
164,"03 NCCR OFF vs. GAST (09/16/23), Play 034",34,#52 MA. LOAD = SLIDE RT. QB PRESSURE,6,35,4,3,7,,11,FIB DOUBLE LT OFF H-IN LOAD H-SMACK,GUN,X,DOUBLE,,,,,IN-H,,,LOAD-ROCK,LOAD H-SMACK,,,SMACK-H,SMACK-H,,,,,P,C,,11,10,Y,9/16/2023,9/16/2023,3,2,4,1:37,2,PUNT - RETURN,TOUCHDOWN,42,0,35,7,6,4,7,7,3,1,P,0,COMPLETE,NCCR 11,NCCR 10,,3,-14,11,3-0-1-1,2x2,2.8,2,0,2/4/2005,R,,M,NCCR 10,,,NCCR 79,,HB-L,HB-L (-5),,1; NCCR 13 (HB-L),,,,L,7
165,"03 NCCR OFF vs. GAST (09/16/23), Play 035",35,,6,28,1,10,15,,11,TRAIN RT JILL H-DRIVE DANCER,GUN,,TRAIN,,,,,,,,JILL-JACK,JILL H-DRIVE DANCER,,,DRIVE-H DANCER,DRIVE-H,DANCER,,,,P,I,,11,19,Y,9/16/2023,,,,,,,,,,,,,,,,,,,,,,,,,,,,,,,,,,,,,,,,,,,,,,,,,,
166,"03 NCCR OFF vs. GAST (09/16/23), Play 036",36,,6,13,1,10,9,,11,Z-TANGO LT N. SPRINT SHOE,GUN,,TANGO,,,,,,,,SPRINT,N. SPRINT SHOE,,,SHOE,SHOE,,,,,P,C,,11,22,Y,9/16/2023,,,,,,,,,,,,,,,,,,,,,,,,,,,,,,,,,,,,,,,,,,,,,,,,,,
167,"03 NCCR OFF vs. GAST (09/16/23), Play 037",37,,6,4,2,1,0,,11,DUAL RT CLASSY QK JACK SPACING X-STICK,GUN,,DUAL,,,,,,,,JILL-JACK QK,QK JACK SPACING X-STICK,,,SPACING STICK-X,SPACING,STICK-X,,,,P,I,,11,10,N,9/16/2023,,,,,,,,,,,,,,,,,,,,,,,,,,,,,,,,,,,,,,,,,,,,,,,,,,
168,"03 NCCR OFF vs. GAST (09/16/23), Play 038",38,,6,4,3,1,4,,11,DUAL RT Z-JET ROACH Z-STREET,GUN,,DUAL,,,,,JET-Z,,,,ROACH Z-STREET,,ROACH-LEECH STREET,,,,,STREET-Z,,P,C,,11,19,Y,9/16/2023,,,,,,,,,,,,,,,,,,,,,,,,,,,,,,,,,,,,,,,,,,,,,,,,,,
169,"03 NCCR OFF vs. GAST (09/16/23), Play 039",39,,7,-25,1,10,5,,11,FIB DOUBLE RT OFF H-IN BEETLE H-TRAIL,GUN,X,DOUBLE,OFF,,,,IN-H,,,,BEETLE H-TRAIL,,BEETLE-SPIDER TRAIL,,,,,TRAIL-H,,R,,,11,13,Y,9/16/2023,9/16/2023,3,3,1,15:00,0,KICKOFF - TB,PUNT,-25,-41,-25,6,7,1,5,5,10,,R,1,,NCCR 11,NCCR 13,,10,-10,11,3-0-1-1,2x2,,,4,3/3/2005,L,,,,,,,,HB-R,HB-R (-5),R,1; NCCR 13 (HB-R),MAN,,,R,15
170,"03 NCCR OFF vs. GAST (09/16/23), Play 040",40,,7,-30,2,5,-4,,11,(P) TRAIN RT OFF Y-CREEP EAGLES,PISTOL,,TRAIN,,,,,CREEP-Y,,,,EAGLES,,EAGLES-RAVENS,,,,,,,R,,,11,13,N,9/16/2023,9/16/2023,3,3,2,14:33,0,KICKOFF - TB,PUNT,-25,-41,-30,6,7,2,-4,-4,5,,R,0,,NCCR 11,NCCR 13,,10,-10,11,3-0-1-1,1x3,,,-1,3/3/2005,L,,,,,,,,HB,HB (-7),L,1; NCCR 13 (HB),COUNTER,CROSS LEAD,,R,20
171,"03 NCCR OFF vs. GAST (09/16/23), Play 041",41,,7,-26,3,9,12,,11,YAC TROLLY RT SALLY,GUN,,TROLLY,,,,,,,,,SALLY,,,,,,SALLY-ROSE,,,P,C,,11,13,Y,9/16/2023,9/16/2023,3,3,3,13:59,0,KICKOFF - TB,PUNT,-25,-41,-26,6,7,3,12,12,9,1,P,0,COMPLETE,NCCR 11,NCCR 13,,10,-10,11,3-0-1-1,1x3,2.1,15,3,1/5/2005,L,,M,NCCR 13,,,,,HB-L,HB-L (-5),,1; NCCR 13 (HB-L),,,,,14
172,"03 NCCR OFF vs. GAST (09/16/23), Play 042",42,,7,-38,1,10,0,,11,FIB DOUBLE RT OFF H-JET S. CALI Z-BREAKER,GUN,X,DOUBLE,,,,,JET-H,,,CALI,S. CALI Z-BREAKER,,,BREAKER-Z,BREAKER-Z,,,,,P,C,,11,19,N,9/16/2023,9/16/2023,3,3,1,13:26,0,KICKOFF - TB,PUNT,-25,-41,-38,6,7,4,,0,10,,P,0,INCOMPLETE,NCCR 11,,,10,-10,11,3-0-1-1,2x2,3.6,,,3/4/2004,L,,L,NCCR 19,,,NCCR 76,,HB-R,HB-R (-5),,1; NCCR 01 (HB-R),POWER,,,R,17
173,"03 NCCR OFF vs. GAST (09/16/23), Play 043",43,,7,-38,2,10,-13,,12,FLANK LT JILL H-DRIVE ROCKER,GUN,,FLANK,,,,,,,,JILL-JACK,JILL H-DRIVE ROCKER,,,DRIVE-H ROCKER,DRIVE-H,ROCKER,,,,P,,SACK,11,11,N,9/16/2023,9/16/2023,3,3,2,13:18,0,KICKOFF - TB,PUNT,-25,-41,-38,6,7,5,-13,-13,10,,P,0,SACK,NCCR 11,NCCR 11,,10,-10,12,2-0-1-2,2x2,3.8,,,3/4/2004,L,,X,,,,NCCR 55,,HB-L,HB-L (-5),R,1; NCCR 01 (HB-L),,,GAST D25,L;L,8
174,"03 NCCR OFF vs. GAST (09/16/23), Play 044",44,,7,-25,3,23,17,,11,DAFFY LT Y-RT ROCK Z-BULLS,GUN,,DAFFY,,,,,RT-Y,,,LOAD-ROCK,ROCK Z-BULLS,,,BULLS-Z,BULLS-Z,,,,,P,C,,11,19,N,9/16/2023,9/16/2023,3,3,3,12:40,0,KICKOFF - TB,PUNT,-25,-41,-25,6,7,6,16,16,23,,P,0,COMPLETE,NCCR 11,NCCR 19,,10,-10,11,3-0-1-1,1x3,2.8,15,2,1/5/2005,C,,M,NCCR 19,,,,,HB-R,HB-R (-6),,1; NCCR 13 (HB-R),,,,,8
175,"03 NCCR OFF vs. GAST (09/16/23), Play 045",45,,8,-22,1,10,27,,11,Z-TANGO LT N. CALI Z-TSUNAMI,GUN,,TANGO,,,,,,,,CALI,N. CALI Z-TSUNAMI,,,TSUNAMI-Z,TSUNAMI-Z,,,,,P,C,,11,19,Y,9/16/2023,9/16/2023,3,3,1,10:16,0,KICKOFF - RETURN,PUNT,-22,-47,-22,4,8,1,27,27,10,1,P,0,COMPLETE,NCCR 11,NCCR 19,,10,-17,11,3-0-1-1,1x3,4,12,9,3/3/2005,L,,M,NCCR 19,,,,,HB-L,HB-L (-5),,1; NCCR 01 (HB-L),POWER,,,L,12
176,"03 NCCR OFF vs. GAST (09/16/23), Play 046",46,,8,-49,1,10,-1,,11,Z-TOXIC RT SPIDER CUT,GUN,,TOXIC,,,,,,,,,SPIDER CUT,,BEETLE-SPIDER CUT,,,,,,,R,,,11,1,N,9/16/2023,9/16/2023,3,3,1,9:29,0,KICKOFF - RETURN,PUNT,-22,-47,-49,4,8,2,-1,-1,10,,R,0,,NCCR 11,NCCR 01,,10,-17,11,3-0-1-1,3x1,,,0,3/3/2005,R,,,,,,,,HB-L,HB-L (-5),L,1; NCCR 01 (HB-L),MAN,CROSS LEAD,,R,2
177,"03 NCCR OFF vs. GAST (09/16/23), Play 047",47,#76 BAD SET = QB PRESSURE,8,-48,2,11,-12,,11,DUAL RT NASTY F-JACK CLIPPER DRACO,GUN,,DUAL,,,,,,,,JILL-JACK,F-JACK CLIPPER DRACO,,,CLIPPER DRACO,CLIPPER,DRACO,,,,P,,SACK,11,11,N,9/16/2023,9/16/2023,3,3,2,8:53,0,KICKOFF - RETURN,PUNT,-22,-47,-48,4,8,3,-12,-12,11,,P,0,SACK,NCCR 11,NCCR 11,,10,-17,11,3-0-1-1,2x2,5.7,,,3/3/2005,R,,X,,,,NCCR 00; NCCR 75; NCCR 76,,HB-L,HB-L (-5),R,1; NCCR 00 (HB-L),,,GAST D03,R,11
178,"03 NCCR OFF vs. GAST (09/16/23), Play 048",48,,8,-36,3,23,14,,11,Z-TANGO RT JACK WRANGLE SPEAR,GUN,,TANGO,,,,,,,,JILL-JACK,JACK WRANGLE SPEAR,,,WRANGLE SPEAR,WRANGLE,SPEAR,,,,P,C,,11,86,N,9/16/2023,9/16/2023,3,3,3,8:20,0,KICKOFF - RETURN,PUNT,-22,-47,-36,4,8,4,11,11,23,,P,0,COMPLETE,NCCR 11,NCCR 86,,10,-17,11,3-0-1-1,3x1,4.1,7,6,2/4/2005,R,,M,NCCR 86,,,NCCR 55,,HB-R,HB-R (-6),,1; NCCR 13 (HB-R),,,,R,19
179,"03 NCCR OFF vs. GAST (09/16/23), Play 049",49,,9,-12,1,10,18,,11,TRAIN LT OFF OX LION OLY,GUN,,TRAIN,,,,,,,,,LION OLY,,BEAR-LION OMAR,,,,,,,R,,,4,21,Y,9/16/2023,9/16/2023,3,3,1,3:47,0,KICKOFF - RETURN,TOUCHDOWN,-12,0,-12,3,9,1,18,18,10,1,R,0,,NCCR 04,NCCR 21,,10,-24,11,3-0-1-1,4x0,,,5,3/3/2005,R,,,,,,,,HB-L,HB-L (-5),L,1; NCCR 21 (HB-L),OUTSIDE ZONE,SPEED OPTION,,L,24
180,"03 NCCR OFF vs. GAST (09/16/23), Play 050",50,,9,-30,1,10,12,,11,TRAIN RT OFF CLEVELAND MAG,GUN,,TRAIN,,,,,,,,,CLEVELAND MAG,,CLEVELAND-AKRON MAG,,,,,,,R,,,4,21,Y,9/16/2023,9/16/2023,3,3,1,3:15,0,KICKOFF - RETURN,TOUCHDOWN,-12,0,-30,3,9,2,7,12,10,1,R,0,,NCCR 04,NCCR 21,,10,-24,11,3-0-1-1,1x3,,,1,3/3/2005,L,,,,,,,,HB-L,HB-L (-5),L,1; NCCR 21 (HB-L),COUNTER,INVERTED;READ OPTION,,R,16
181,"03 NCCR OFF vs. GAST (09/16/23), Play 051",51,,9,-42,1,10,58,,11,TRAIN LT OFF OX LION OLY,GUN,,TRAIN,,,,,,,,,LION OLY,,BEAR-LION OMAR,,,,,,,R,,,4,4,Y,9/16/2023,9/16/2023,3,3,1,2:34,0,KICKOFF - RETURN,TOUCHDOWN,-12,0,-42,3,9,3,58,58,10,1,R,0,,NCCR 04,NCCR 04,,10,-24,11,3-0-1-1,4x0,,,52,3/3/2005,R,,,,,,,,HB-L,HB-L (-6),L,1; NCCR 13 (HB-L),OUTSIDE ZONE,SPEED OPTION,,L,20
182,"03 NCCR OFF vs. GAST (09/16/23), Play 052",52,,9,3,5,3,3,,11,H-TANGO LT H-JET IRON Y-SHOP,GUN,,TANGO,,,,,JET-H,,,,IRON Y-SHOP,,IRON-STEEL SHOP,SHOP-Y,SHOP-Y,,,,,R,,,4,18,Y,9/16/2023,,,,,,,,,,,,,,,,,,,,,,,,,,,,,,,,,,,,,,,,,,,,,,,,,,
183,"03 NCCR OFF vs. GAST (09/16/23), Play 053",53,,10,3,5,3,,,12,ZAC Z-TANGO LT IRON R-SHOVEL EDGE Z-STRAIGHT COKE,GUN,,TANGO,,,,,AC-Z,,,,IRON R-SHOVEL EDGE Z-STRAIGHT COKE,,IRON-STEEL SHOVEL,SHOVEL-R,SHOVEL-R,,,STRAIGHT-Z,COKE,P,,PENALTY,4,19,,9/16/2023,,,,,,,,,,,,,,,,,,,,,,,,,,,,,,,,,,,,,,,,,,,,,,,,,,
184,"03 NCCR OFF vs. GAST (09/16/23), Play 054",54,,11,-25,1,10,3,,11,TRAIN LT OFF Y-AGGY SPIDER BOOK FORCE,GUN,,TRAIN,,,,,,,,,SPIDER BOOK FORCE,,BEETLE-SPIDER BOOK,,,,,,FORCE,R,,,4,0,N,9/16/2023,,,,,,,,,,,,,,,,,,,,,,,,,,,,,,,,,,,,,,,,,,,,,,,,,,
185,"03 NCCR OFF vs. GAST (09/16/23), Play 055",55,,11,-28,2,7,1,,11,TRAIN LT OFF OX BEETLE SLIP,GUN,,TRAIN,,,,,,,,,BEETLE SLIP,,BEETLE-SPIDER SLIP,,,,,,,R,,,4,0,N,9/16/2023,,,,,,,,,,,,,,,,,,,,,,,,,,,,,,,,,,,,,,,,,,,,,,,,,,
186,"03 NCCR OFF vs. GAST (09/16/23), Play 056",56,,11,-29,3,6,5,,11,DUAL LT OFF CLASSY F-JILL COAT X-DANGLE,GUN,,DUAL,,,,,,,,JILL-JACK,F-JILL COAT X-DANGLE,,,COAT DANGLE-X,COAT,DANGLE-X,,,,P,C,,11,86,Y,9/16/2023,,,,,,,,,,,,,,,,,,,,,,,,,,,,,,,,,,,,,,,,,,,,,,,,,,
187,"03 NCCR OFF vs. GAST (09/16/23), Play 057",57,,11,-34,4,1,4,,11,(U) TROLLY RT Y-IN JORDAN,UNDER,,TROLLY,,,,,IN-Y,,,,JORDAN,,SNEAKER,,,,,,,R,,,4,4,Y,9/16/2023,,,,,,,,,,,,,,,,,,,,,,,,,,,,,,,,,,,,,,,,,,,,,,,,,,
188,"03 NCCR OFF vs. GAST (09/16/23), Play 058",58,,11,-38,1,10,1,,11,FIB DOUBLE RT OFF H-IN JILL Z-GIFTPUMP H-SMACK,GUN,X,DOUBLE,,,,,IN-H,,,JILL-JACK,JILL Z-GIFT PUMP H-SMACK,,,GIFT PUMP-Z SMACK-H,GIFT PUMP-Z,SMACK-H,,,,P,C,,4,10,N,9/16/2023,,,,,,,,,,,,,,,,,,,,,,,,,,,,,,,,,,,,,,,,,,,,,,,,,,
189,"03 NCCR OFF vs. GAST (09/16/23), Play 059",59,,11,-39,2,9,14,,11,DUAL RT N. LA GRONK HERO,GUN,,DUAL,,,,,,,,LA,N. LA GRONK HERO,,,GRONK HERO,GRONK,HERO,,,,P,SR,,4,4,Y,9/16/2023,,,,,,,,,,,,,,,,,,,,,,,,,,,,,,,,,,,,,,,,,,,,,,,,,,
190,"03 NCCR OFF vs. GAST (09/16/23), Play 060",60,,11,47,1,10,-5,,11,DUAL LT CLASSY QK JILL SPACING X-STICK,GUN,,DUAL,,,,,,,,JILL-JACK QK,QK JILL SPACING X-STICK,,,SPACING STICK-X,SPACING,STICK-X,,,,P,SACK,SACK,11,11,N,9/16/2023,,,,,,,,,,,,,,,,,,,,,,,,,,,,,,,,,,,,,,,,,,,,,,,,,,
191,"03 NCCR OFF vs. GAST (09/16/23), Play 061",61,,11,-48,2,15,-8,,11,DUAL LT CLASSY F-JILL CLIPPER DRACO,GUN,,DUAL,,,,,,,,JILL-JACK,F-JILL CLIPPER DRACO,,,CLIPPER DRACO,CLIPPER,DRACO,,,,P,SACK,SACK,11,11,N,9/16/2023,,,,,,,,,,,,,,,,,,,,,,,,,,,,,,,,,,,,,,,,,,,,,,,,,,
192,"03 NCCR OFF vs. GAST (09/16/23), Play 062",62,,11,-40,3,23,0,,11,TROLLY RT ROCK X-BULLS,GUN,,TROLLY,,,,,,,,LOAD-ROCK,ROCK X-BULLS,,,BULLS-X,BULLS-X,,,,,P,I,,4,2,N,9/16/2023,,,,,,,,,,,,,,,,,,,,,,,,,,,,,,,,,,,,,,,,,,,,,,,,,,
193,"03 NCCR OFF vs. GAST (09/16/23), Play 063",63,,12,-20,1,10,19,,11,FIB DOUBLE LT OFF H-JET N. CALI Z-SURF,GUN,X,DOUBLE,,,,,JET-H,,,CALI,N. CALI Z-SURF,,,SURF-Z,SURF-Z,,,,,P,C,,4,13,Y,9/16/2023,,,,,,,,,,,,,,,,,,,,,,,,,,,,,,,,,,,,,,,,,,,,,,,,,,
194,"03 NCCR OFF vs. GAST (09/16/23), Play 064",64,,12,-39,1,10,0,,11,Z-TANGO RT S. SPRINT SHOE,GUN,,TANGO,,,,,,,,SPRINT,S. SPRINT SHOE,,,SHOE,SHOE,,,,,P,I,,4,83,N,9/16/2023,,,,,,,,,,,,,,,,,,,,,,,,,,,,,,,,,,,,,,,,,,,,,,,,,,
195,"03 NCCR OFF vs. GAST (09/16/23), Play 065",65,,12,-39,2,10,,,11,BUMP DUAL RT CLASSY ROCK H-RAILROAD,GUN,,DUAL,,,,,,,BUMP,LOAD-ROCK,ROCK H-RAILROAD,,,RAILROAD-H,RAILROAD-H,,,,,P,,,4,4,Y,9/16/2023,,,,,,,,,,,,,,,,,,,,,,,,,,,,,,,,,,,,,,,,,,,,,,,,,,
196,"03 NCCR OFF vs. GAST (09/16/23), Play 066",66,,12,46,1,10,0,,11,DUAL RT NASTY ROCK U-TURN LOOKIE,GUN,,DUAL,,,,,,,,LOAD-ROCK,ROCK U-TURN LOOKIE,,,U-TURN LOOKIE,U-TURN,LOOKIE,,,,P,I,,4,13,N,9/16/2023,,,,,,,,,,,,,,,,,,,,,,,,,,,,,,,,,,,,,,,,,,,,,,,,,,
197,"03 NCCR OFF vs. GAST (09/16/23), Play 067",67,#76 PENALTY. TAKES AWAY 3RD DOWN CONVERSION,12,46,2,10,,,11,YAC TROLLY LT ROSE,GUN,,TROLLY,,,,,AC-Y,,,,ROSE,,,,,,SALLY-ROSE,,,P,C,PENALTY,4,13,,9/16/2023,,,,,,,,,,,,,,,,,,,,,,,,,,,,,,,,,,,,,,,,,,,,,,,,,,
198,"03 NCCR OFF vs. GAST (09/16/23), Play 068",68,,12,-44,2,20,4,,11,DUAL RT JACK Y-PUNCH DANCER,GUN,,DUAL,,,,,,,,JILL-JACK,JACK Y-PUNCH DANCER,,,PUNCH-Y DANCER,PUNCH-Y,DANCER,,,,P,SR,,4,4,N,9/16/2023,,,,,,,,,,,,,,,,,,,,,,,,,,,,,,,,,,,,,,,,,,,,,,,,,,
199,"03 NCCR OFF vs. GAST (09/16/23), Play 069",69,,12,-48,3,16,0,,11,Z-TANGO RT S. SPRINT SHOE,GUN,,TANGO,,,,,,,,SPRINT,S. SPRINT SHOE,,,SHOE,SHOE,,,,,P,I,,4,83,N,9/16/2023,,,,,,,,,,,,,,,,,,,,,,,,,,,,,,,,,,,,,,,,,,,,,,,,,,
200,"03 NCCR OFF vs. GAST (09/16/23), Play 070",70,,12,-48,4,16,-9,,11,DUAL RT SPORTSCENTER,GUN,,DUAL,,,,,,,,LOAD-ROCK,SPORTSCENTER,,,SPORTSCENTER,SPORTSCENTER,,,,,P,C,,4,86,N,9/16/2023,,,,,,,,,,,,,,,,,,,,,,,,,,,,,,,,,,,,,,,,,,,,,,,,,,
212,"04 NCCR OFF vs. FLUN (09/23/23), Play 001",1,,1,-25,0,10,0,,11,YAC HAC FIB DUAL RT OFF BEAR OMAR,GUN,X,DUAL,,,,,AC-Y,AC-H,,,BEAR OMAR,,BEAR-LION OMAR,,,,,,,R,,,4,4,N,9/23/2023,9/23/2023,4,1,1,15:00,0,KICKOFF - TB,PUNT,-25,-32,-25,3,1,1,0,0,10,,R,0,,NCCR 04,NCCR 04,,0,0,11,3-0-1-1,2x2,,,1,3/3/2005,L,,,,,,,,HB-R,HB-R (-6),R,1; NCCR 21 (HB-R),OUTSIDE ZONE,SPEED OPTION,,R,13
201,"04 NCCR OFF vs. FLUN (09/23/23), Play 002",2,,1,-25,2,10,3,,11,Z-TOXIC RT Z-JET STEEL Y-SHOP,GUN,,TOXIC,,,,,JET-Z,,,,STEEL Y-SHOP,,IRON-STEEL SHOP,,,,,SHOP-Y,,P,C,,4,81,N,9/23/2023,9/23/2023,4,1,2,14:22,0,KICKOFF - TB,PUNT,-25,-32,-25,3,1,2,3,3,10,,P,0,COMPLETE,NCCR 04,NCCR 81,,0,0,11,3-0-1-1,3x1,1.6,4,3,3/3/2005,R,,M,NCCR 81,,,,,HB-L,HB-L (-6),,1; NCCR 21 (HB-L),,,,R,9
213,"04 NCCR OFF vs. FLUN (09/23/23), Play 003",3,,1,-28,3,7,4,,11,NINER THURSDAY (CK. JILL CHIP X-LIGHTRAIL),GUN,,TRAIN,,,BILLY,,,,,JILL-JACK CHIP,JILL CHIP X-LIGHTRAIL,NINER,,LIGHTRAIL-X,LIGHTRAIL-X,,,,,P,I,,4,4,N,9/23/2023,9/23/2023,4,1,3,13:46,0,KICKOFF - TB,PUNT,-25,-32,-28,3,1,3,4,4,7,,P,0,RUN,NCCR 04,NCCR 04,,0,0,11,3-0-1-1,1x3,5,,12,2/4/2005,C,,X,,,,NCCR 21,C,HB-L,HB-L (-5),L,1; NCCR 21 (HB-L),,,,R,11
202,"04 NCCR OFF vs. FLUN (09/23/23), Play 004",4,,2,-25,0,10,0,,21,FIB TROUBLE LT OFF H-PLANE H-SLIDE N. CALI Z-SURF,GUN,X,TROUBLE,OFF,,,,PLANE-H,,,CALI SLIDE,H-SLIDE N. CALI Z-SURF,,,SURF-Z SLIDE,SURF-Z,SLIDE,,,,P,I,,11,19,N,9/23/2023,9/23/2023,4,1,1,8:26,0,KICKOFF - TB,PUNT,-25,-26,-25,3,2,1,,0,10,,P,0,INCOMPLETE,NCCR 11,,,7,-7,12,2-0-1-2,3x1,3.9,,,3/4/2004,L,,M,NCCR 19,,,NCCR 75,,HB-L,HB-L (-6),,1; NCCR 13 (HB-L),COUNTER,,,L,22
214,"04 NCCR OFF vs. FLUN (09/23/23), Play 005",5,,2,-25,2,10,1,,21,DEUCE LT SLOT THURSDAY (CK. LEECH MIKE PUNK),GUN,,DEUCE,,SLOT,,,,,,,LEECH-MIKE PUNK,THURSDAY,ROACH-LEECH MIKE,,,,,PUNK,,R,,,11,13,N,9/23/2023,9/23/2023,4,1,2,8:19,0,KICKOFF - TB,PUNT,-25,-26,-25,3,2,2,1,1,10,,R,1,,NCCR 11,NCCR 13,,7,-7,12,2-0-1-2,1x3,,,2,3/4/2004,L,,,,,,,,HB-R,HB-R (-6),L,1; NCCR 13 (HB-R),INSIDE ZONE,BACKSIDE FOLD,,L;R,6
215,"04 NCCR OFF vs. FLUN (09/23/23), Play 006",6,,2,-26,3,9,0,,21,NINER JUKE,EMPTY,,JUKE,,,,X,,,,LOAD-ROCK,NINER JUKE,NINER,,JUKE,JUKE,,,,,P,I,,11,19,N,9/23/2023,9/23/2023,4,1,3,7:57,0,KICKOFF - TB,PUNT,-25,-26,-26,3,2,3,,0,9,,P,0,BATTED PASS,NCCR 11,,,7,-7,12,2-0-1-2,2x3,2.7,,,2/4/2005,L,,X,,,,,,EMPTY,,,,,,,,24
203,"04 NCCR OFF vs. FLUN (09/23/23), Play 007",7,,3,-25,0,10,0,,12,DEUCE LT SLOT X-IN N. SPRINTY COAT,GUN,,DEUCE,,SLOT,,,IN-X,,,SPRINTY,N. SPRINTY COAT,,,COAT,COAT,,,,,P,I,,11,19,N,9/23/2023,9/23/2023,4,1,1,4:14,0,KICKOFF - TB,PUNT,-25,-47,-25,6,3,1,,0,10,,P,0,INCOMPLETE,NCCR 11,,,10,-10,12,2-0-1-2,1x3,3.3,,,3/4/2004,L,,R,NCCR 19,,,,,HB-L,HB-L (-5),L,1; NCCR 28 (HB-L),,,,L;R,21
216,"04 NCCR OFF vs. FLUN (09/23/23), Play 008",8,,3,-25,2,10,2,,12,HAC DEUCE LT CLASSY QK JACK CHIP HERO SPACING,GUN,,DEUCE,,CLASSY,,,AC-H,,,JILL-JACK QK CHIP,QK JACK CHIP HERO SPACING,,,HERO SPACING,HERO,SPACING,,,,P,C,,11,84,N,9/23/2023,9/23/2023,4,1,2,4:06,0,KICKOFF - TB,PUNT,-25,-47,-25,6,3,2,2,2,10,,P,0,COMPLETE,NCCR 11,NCCR 84,,10,-10,12,2-0-1-2,2x2,3,0,0,3/4/2004,L,,L,NCCR 84,,,,,HB-R,HB-R (-5),R,1; NCCR 28 (HB-R),,,,L;R,8
217,"04 NCCR OFF vs. FLUN (09/23/23), Play 009",9,,3,-27,3,8,13,,12,(P) TRAIN RT OFF OX H-BOMBER S. CALI RUBY,PISTOL,,TRAIN,OFF,OX,,,BOMBER-H,,,,S. CALI RUBY,,,,,,CALI LUCY-RUBY,,,P,C,,11,18,Y,9/23/2023,9/23/2023,4,1,3,4:00,0,KICKOFF - TB,PUNT,-25,-47,-27,6,3,3,13,13,8,1,P,0,COMPLETE,NCCR 11,NCCR 18,,10,-10,12,2-0-1-2,0x4,2.9,17,2,2/4/2005,L,,M,NCCR 18,,,,,HB,HB (-7),,1; NCCR 13 (HB),POWER,,,R,9
204,"04 NCCR OFF vs. FLUN (09/23/23), Play 010",10,,3,-40,1,10,7,,12,FLANK RT CLASSY QK JILL CHIP HERO SPACING,GUN,,FLANK,,CLASSY,,,,,,JILL-JACK QK CHIP,QK JILL CHIP HERO SPACING,,,HERO SPACING,HERO,SPACING,,,,P,C,,11,10,Y,9/23/2023,9/23/2023,4,1,1,3:22,0,KICKOFF - TB,PUNT,-25,-47,-40,6,3,4,7,7,10,,P,0,COMPLETE,NCCR 11,NCCR 10,,10,-10,12,2-0-1-2,2x2,2.3,0,0,3/4/2004,R,,M,NCCR 10,,,,,HB-L,HB-L (-6),L,1; NCCR 13 (HB-L),,,,R;R,10
218,"04 NCCR OFF vs. FLUN (09/23/23), Play 011",11,,3,-47,2,3,0,,12,TRAIN RT BILLY JILL CHIP X-LIGHTRAIL,GUN,,TRAIN,,,BILLY,,,,,JILL-JACK CHIP,JILL CHIP X-LIGHTRAIL,,,LIGHTRAIL-X,LIGHTRAIL-X,,,,,P,I,,11,10,N,9/23/2023,9/23/2023,4,1,2,2:42,0,KICKOFF - TB,PUNT,-25,-47,-47,6,3,5,,0,3,,P,0,INCOMPLETE,NCCR 11,,,10,-10,12,2-0-1-2,1x3,3.1,,,3/4/2004,C,,M,NCCR 10,,,,,HB-L,HB-L (-6),,1; NCCR 13 (HB-L),,,,R;R,8
205,"04 NCCR OFF vs. FLUN (09/23/23), Play 012",12,,3,-47,3,3,0,,12,Z-TANGO RT TEQUILA (CK. Z-TORCH RT ROSE CRACK),GUN,,TORCH,,,,,,,,,ROSE CRACK,TEQUILA,,,,,SALLY-ROSE CRACK,,,P,I,,11,13,N,9/23/2023,9/23/2023,4,1,3,2:37,0,KICKOFF - TB,PUNT,-25,-47,-47,6,3,6,,0,3,,P,0,INCOMPLETE,NCCR 11,,,10,-10,12,2-0-1-2,3x1,2.1,,,3/3/2005,C,,M,NCCR 13,,,,,HB-R,HB-R (-6),,1; NCCR 13 (HB-R),,,,,6
206,"04 NCCR OFF vs. FLUN (09/23/23), Play 013",13,,4,-25,0,10,-13,,12,(U) FIB DOT RT NASTY X-IN WOLF RENO X-SLIDE Y-TARDY,UNDER,X,DOT,,NASTY,,,IN-X,,,WOLF-JAGUAR RENO,WOLF RENO X-SLIDE Y-TARDY,,,SLIDE-X TARDY-Y,SLIDE-X,TARDY-Y,,,,P,SACK,SACK,11,11,N,9/23/2023,9/23/2023,4,2,1,12:50,0,KICKOFF - TB,PUNT,-25,-12,-25,3,4,1,-13,-13,10,,P,0,SACK,NCCR 11,NCCR 11,,13,-13,12,2-0-1-2,2x2,3,,,3/4/2004,L,,X,,,,NCCR 76,,HB,HB (-7),,1; NCCR 13 (HB),OUTSIDE ZONE,,FLUN D18; FLUN D88,L;R,11
219,"04 NCCR OFF vs. FLUN (09/23/23), Play 014",14,,4,-12,2,23,0,,21,THIEF RT BILLY QK ROACH MIKE,GUN,,THIEF,,,BILLY,,,,,,QK ROACH MIKE,,ROACH-LEECH MIKE QK,,,,,,,R,,,11,13,N,9/23/2023,9/23/2023,4,2,2,12:05,0,KICKOFF - TB,PUNT,-25,-12,-12,3,4,2,0,0,23,,R,0,,NCCR 11,NCCR 13,,13,-13,12,2-0-1-2,2x2,,,1,3/4/2004,L,,,,,,,,HB-L,HB-L (-6),L,1; NCCR 13 (HB-L),INSIDE ZONE,CROSS LEAD,,L;R,2
220,"04 NCCR OFF vs. FLUN (09/23/23), Play 015",15,,4,-12,3,23,0,,12,DOLPHIN LT Z-BACK SHOW SALLY CRACK,GUN,,DOLPHIN,,,,,BACK-Z,,,,SHOW SALLY CRACK,,,,,,SALLY-ROSE CRACK,,CRACK,P,I,,11,13,N,9/23/2023,9/23/2023,4,2,3,11:24,0,KICKOFF - TB,PUNT,-25,-12,-12,3,4,3,,0,23,,P,0,HIT AS THREW,NCCR 11,,,13,-13,12,2-0-1-2,2x2,2.8,,,2/4/2005,L,,X,,,,NCCR 52,,HB-R,HB-R (-6),,1; NCCR 13 (HB-R),UNDEFINED,,,,5
221,"04 NCCR OFF vs. FLUN (09/23/23), Play 016",16,,5,-25,0,10,4,,12,DEUCE RT SLOT LION OLY,GUN,,DEUCE,,SLOT,,,,,,,LION OLY,,BEAR-LION OMAR,,,,,,,R,,,4,4,Y,9/23/2023,9/23/2023,4,2,1,8:21,0,KICKOFF - TB,TOUCHDOWN,-25,0,-25,8,5,1,4,4,10,,R,0,,NCCR 04,NCCR 04,,16,-16,12,2-0-1-2,3x1,,,1,3/4/2004,R,,,,,,,,HB-L,HB-L (-6),L,1; NCCR 13 (HB-L),OUTSIDE ZONE,SPEED OPTION,,L;R,17
222,"04 NCCR OFF vs. FLUN (09/23/23), Play 017",17,,5,-29,2,6,9,,12,TRIPS RT OX 1 R-JET N. PITT COVER,EMPTY,,TRIPS,,OX / 1,,X,,,JET-R,,N. PITT COVER,,PITT COVER,,,,,,,R,,,4,4,Y,9/23/2023,9/23/2023,4,2,2,7:41,0,KICKOFF - TB,TOUCHDOWN,-25,0,-29,8,5,2,9,9,6,1,R,0,,NCCR 04,NCCR 04,,16,-16,12,2-0-1-2,1x4,,,3,3/4/2004,L,,,,,,,,EMPTY,,R,,POWER,INVERTED;READ OPTION,,R;R,6
223,"04 NCCR OFF vs. FLUN (09/23/23), Play 018",18,,5,-38,1,10,20,,12,DEUCE LT SLOT BEAR OMAR,GUN,,DEUCE,,SLOT,,,,,,,BEAR OMAR,,BEAR-LION OMAR,,,,,,,R,,,4,21,Y,9/23/2023,9/23/2023,4,2,1,6:49,0,KICKOFF - TB,TOUCHDOWN,-25,0,-38,8,5,3,20,20,10,1,R,0,,NCCR 04,NCCR 21,,16,-16,12,2-0-1-2,1x3,,,3,3/4/2004,C,,,,,,,,HB-R,HB-R (-5),R,1; NCCR 21 (HB-R),OUTSIDE ZONE,SPEED OPTION,,L;R,
224,"04 NCCR OFF vs. FLUN (09/23/23), Play 019",19,,5,42,1,10,0,,12,TRIPS LT OX 1 R-JET S. PITT COVER,EMPTY,,TRIPS,,OX / 1,,X,,,JET-R,,S. PITT COVER Z-CRACK,,PITT COVER,,,,,,,R,,,4,4,N,9/23/2023,9/23/2023,4,2,1,6:04,0,KICKOFF - TB,TOUCHDOWN,-25,0,42,8,5,4,0,0,10,,R,0,,NCCR 04,NCCR 04,,16,-16,12,2-0-1-2,4x1,,,1,3/4/2004,R,,,,,,,,EMPTY,,L,,POWER,INVERTED;READ OPTION,,L;L,3
225,"04 NCCR OFF vs. FLUN (09/23/23), Play 020",20,,5,42,2,10,34,,12,TRAIN RT OFF LIZZY SUN SWITCH X-DRAG,GUN,,TRAIN,OFF,,,,,,,LIZZY-RIPPY,LIZZY SUN SWITCH X-DRAG,,,SUN SWITCH DRAG-X,SUN SWITCH,DRAG-X,,,,P,C,,4,18,Y,9/23/2023,9/23/2023,4,2,2,5:25,0,KICKOFF - TB,TOUCHDOWN,-25,0,42,8,5,5,34,34,10,1,P,0,COMPLETE,NCCR 04,NCCR 18,,16,-16,12,2-0-1-2,1x3,3.2,17,2,3/4/2004,C,,R,NCCR 18,,,,,HB-R,HB-R (-6),R,1; NCCR 21 (HB-R),,,,R,6
226,"04 NCCR OFF vs. FLUN (09/23/23), Play 021",21,,5,8,1,8,,,12,YAHOO TRIPS LT OX SPIDER SLICK,GUN,,TRIPS,,OX,,,YAHOO,,,,SPIDER SLICK,,BEETLE-SPIDER,SLICK,SLICK,,,,,X,,PENALTY,4,,,9/23/2023,,,,,,,,,,,,,,,,,,,,,,,,,,,,,,,,,,,,,,,,,,,,,,,,,,
227,"04 NCCR OFF vs. FLUN (09/23/23), Play 022",22,,5,13,1,13,1,,12,DUAL LT OFF H-JET IRON Y-SHOP,GUN,,DUAL,OFF,,,,JET-H,,,,IRON Y-SHOP,,IRON-STEEL SHOP,,,,,SHOP-Y,,P,C,,4,81,N,9/23/2023,9/23/2023,4,2,1,4:09,0,KICKOFF - TB,TOUCHDOWN,-25,0,13,8,5,6,1,1,13,,P,0,COMPLETE,NCCR 04,NCCR 81,,16,-16,12,2-0-1-2,2x2,2,2,0,3/4/2004,R,,M,NCCR 81,,,,,HB-R,HB-R (-6),,1; NCCR 13 (HB-R),,,,L,3
228,"04 NCCR OFF vs. FLUN (09/23/23), Play 023",23,,5,12,2,12,5,,12,(U) YAHOO TRIPS LT OX SQUEEZE X-JET S. LOOPER Z-CORNER,UNDER,,TRIPS,,OX / SQUEEZE,,,YAHOO,,,LOOPER,S. LOOPER Z-CORNER,,,LOOPER CORNER-Z,LOOPER,CORNER-Z,,,,P,SR,,4,4,N,9/23/2023,9/23/2023,4,2,2,3:26,0,KICKOFF - TB,TOUCHDOWN,-25,0,12,8,5,7,5,5,12,,P,0,RUN,NCCR 04,NCCR 04,,16,-16,12,2-0-1-2,4x0,4.8,,5,3/4/2004,R,,X,,,,,L,HB,HB (-7),,1; NCCR 13 (HB),OUTSIDE ZONE,,,L;L,3
229,"04 NCCR OFF vs. FLUN (09/23/23), Play 024",24,,5,7,3,7,7,,11,TROLLY RT Q. PAPER RECLINER X-BOW,GUN,,TROLLY,,,,,,,,,Q-PAPER RECLINER X-BOW,,PENCIL-PAPER Q,RECLINER BOW-X,RECLINER,BOW-X,,,,R,,,4,4,Y,9/23/2023,9/23/2023,4,2,3,2:34,0,KICKOFF - TB,TOUCHDOWN,-25,0,7,8,5,8,7,7,7,1,R,1,,NCCR 04,NCCR 04,,16,-16,11,3-0-1-1,1x3,,,6,2/4/2005,L,,,,,,,,HB-L,HB-L (-6),L,1; NCCR 13 (HB-L),DRAW,LEAD;QB RUNS,,,20
230,"04 NCCR OFF vs. FLUN (09/23/23), Play 025",25,,6,-19,0,10,2,,11,YAC TRAIN LT S. GOLFER SAIL,GUN,,TRAIN,,,,,AC-Y,,,GOLFER,S. GOLFER SAIL,,,GOLFER SAIL,GOLFER,SAIL,,,,P,SR,,4,4,N,9/23/2023,9/23/2023,4,2,1,1:03,0,PUNT - FC,END OF HALF,-19,-44,-19,3,6,1,2,2,10,,P,0,RUN,NCCR 04,NCCR 04,,16,-9,11,3-0-1-1,3x1,4.5,,0,3/3/2005,R,,X,,,,,L,HB-R,HB-R (-6),,1; NCCR 13 (HB-R),,,,L,15
231,"04 NCCR OFF vs. FLUN (09/23/23), Play 026",26,,6,-21,2,8,30,,11,TRAIN RT OFF BEAR OMAR,GUN,,TRAIN,OFF,,,,,,,,BEAR OMAR,,BEAR-LION OMAR,,,,,,,R,,,4,4,Y,9/23/2023,9/23/2023,4,2,2,0:21,0,PUNT - FC,END OF HALF,-19,-44,-21,3,6,2,30,30,8,1,R,0,,NCCR 04,NCCR 04,,16,-9,11,3-0-1-1,1x3,,,0,3/3/2005,L,,,,,,,,HB-R,HB-R (-6),R,1; NCCR 13 (HB-R),OUTSIDE ZONE,SPEED OPTION,,R,7
232,"04 NCCR OFF vs. FLUN (09/23/23), Play 027",27,,6,49,1,10,-7,,11,DUAL RT OFF JACK Y-PUNCH DANCER,GUN,,DUAL,OFF,,,,,,,JILL-JACK,JACK Y-PUNCH DANCER,,,PUNCH-Y DANCER,PUNCH-Y,DANCER,,,,P,SACK,SACK,4,4,N,9/23/2023,9/23/2023,4,2,1,0:14,0,PUNT - FC,END OF HALF,-19,-44,49,3,6,3,-7,-7,10,,P,0,SACK,NCCR 04,NCCR 04,,16,-9,11,3-0-1-1,2x2,2.6,,,3/3/2005,R,,X,,,,NCCR 13,,HB-R,HB-R (-6),R,1; NCCR 13 (HB-R),,,FLUN D06,R,15
207,"04 NCCR OFF vs. FLUN (09/23/23), Play 028",28,,7,32,0,10,-10,,11,DAREDEVIL,GUN,,TRAIN,OFF,OX,,,,,,,DAREDEVIL,,,DAREDEVIL,DAREDEVIL,,,,,P,C,,4,13,N,9/23/2023,9/23/2023,4,3,1,13:52,0,FUMBLE,MISSED FG,32,37,32,3,7,1,-10,-10,10,,P,0,LATERAL,NCCR 04,NCCR 13,,16,-9,11,3-0-1-1,0x4,1.4,,0,3/3/2005,C,,M,,,,,,HB-R,HB-R (-5),,1; NCCR 13 (HB-R),,,,R,17
233,"04 NCCR OFF vs. FLUN (09/23/23), Play 029",29,,7,42,2,20,5,,11,YAC HAC FIB DUAL LT OFF LION OLY,GUN,X,DUAL,,,,,AC-Y,AC-H,,,LION OLY,,BEAR-LION OMAR,,,,,,,R,,,4,4,N,9/23/2023,9/23/2023,4,3,2,13:09,0,FUMBLE,MISSED FG,32,37,42,3,7,2,5,5,20,,R,0,,NCCR 04,NCCR 04,,16,-9,11,3-0-1-1,2x2,,,5,3/3/2005,R,,,,,,,,HB-L,HB-L (-6),L,1; NCCR 13 (HB-L),OUTSIDE ZONE,SPEED OPTION,,L,3
234,"04 NCCR OFF vs. FLUN (09/23/23), Play 030",30,,7,37,3,15,0,,11,(P) TRAIN RT OFF S. CALI RUBY,PISTOL,,TRAIN,OFF,,,,,,,,S. CALI RUBY,,,,,,CALI LUCY-RUBY,,,P,C,,4,86,N,9/23/2023,9/23/2023,4,3,3,12:33,0,FUMBLE,MISSED FG,32,37,37,3,7,3,0,0,15,,P,0,COMPLETE,NCCR 04,NCCR 86,,16,-9,11,3-0-1-1,1x3,2.5,4,3,2/4/2005,L,,M,NCCR 86,,,,,HB,HB (-7),L,1; NCCR 13 (HB),POWER,,,R,12
235,"04 NCCR OFF vs. FLUN (09/23/23), Play 031",31,,8,-25,0,10,1,,12,DEUCE RT SLOT IRON H-SHOP,GUN,,DEUCE,,SLOT,,,,,,,IRON H-SHOP,,IRON-STEEL SHOP,,,,,SHOP-H,,P,C,,4,18,N,9/23/2023,9/23/2023,4,3,1,7:27,0,KICKOFF - TB,PUNT,-25,-35,-25,6,8,1,1,1,10,,P,0,COMPLETE,NCCR 04,NCCR 18,,19,-12,12,2-0-1-2,3x1,1.9,1,0,3/4/2004,R,,M,NCCR 18,,,,,HB-R,HB-R (-6),,1; NCCR 13 (HB-R),,,,L;R,24
236,"04 NCCR OFF vs. FLUN (09/23/23), Play 032",32,,8,-26,2,9,4,,12,HAC DEUCE RT SLOT THURSDAY (CK. BEETLE SLICE),GUN,,DEUCE,,SLOT,,,AC-H,,,,BEETLE SLICE,,BEETLE-SPIDER SLICE,,,,,,,R,,,4,13,N,9/23/2023,9/23/2023,4,3,2,6:46,0,KICKOFF - TB,PUNT,-25,-35,-26,6,8,2,4,4,9,,R,0,,NCCR 04,NCCR 13,,19,-12,12,2-0-1-2,3x1,,,3,3/4/2004,R,,,,,,,,HB-R,HB-R (-6),L,1; NCCR 13 (HB-R),INSIDE ZONE,READ OPTION;SPLIT,,L;R,6
237,"04 NCCR OFF vs. FLUN (09/23/23), Play 033",33,,8,-30,3,5,6,,12,NINER THURSDAY (CK. NINER JUKE),EMPTY,,JUKE,,2,,X,,,,LOAD-ROCK,NINER JUKE,,,JUKE,JUKE,,,,,P,C,,4,18,Y,9/23/2023,9/23/2023,4,3,3,6:11,0,KICKOFF - TB,PUNT,-25,-35,-30,6,8,3,6,6,5,1,P,0,COMPLETE,NCCR 04,NCCR 18,,19,-12,12,2-0-1-2,3x2,1.6,1,0,3/4/2004,R,,R,NCCR 18,,,,,EMPTY,,,,,,,,11
208,"04 NCCR OFF vs. FLUN (09/23/23), Play 034",34,,8,-36,1,10,9,,12,TRIPS LT OX 1 R-JET S. PITT COVER,EMPTY,,TRIPS,,OX / 1,,X,,,JET-R,,S. PITT COVER,,PITT COVER,,,,,,,R,,,4,21,Y,9/23/2023,9/23/2023,4,3,1,5:29,0,KICKOFF - TB,PUNT,-25,-35,-36,6,8,4,9,9,10,,R,0,,NCCR 04,NCCR 21,,19,-12,12,2-0-1-2,4x1,,,4,3/4/2004,R,,,,,,,,EMPTY,,L,,POWER,INVERTED;READ OPTION,,L;L,4
238,"04 NCCR OFF vs. FLUN (09/23/23), Play 035",35,,8,-45,2,1,,,,,,,,,,,,,,,,,,,,,,,,,X,,PENALTY,,,,9/23/2023,,,,,,,,,,,,,,,,,,,,,,,,,,,,,,,,,,,,,,,,,,,,,,,,,,
239,"04 NCCR OFF vs. FLUN (09/23/23), Play 036",36,,8,-40,2,6,0,,12,DOT LT JILL CHIP Y-PUNCH DANCER,GUN,,DOT,,,,,,,,JILL-JACK CHIP,JILL CHIP Y-PUNCH DANCER,,,PUNCH-Y DANCER,PUNCH-Y,DANCER,,,,P,I,,4,3,N,9/23/2023,9/23/2023,4,3,2,4:46,0,KICKOFF - TB,PUNT,-25,-35,-40,6,8,5,,0,6,,P,0,INCOMPLETE,NCCR 04,,,19,-12,12,2-0-1-2,2x2,2.2,,,3/4/2004,L,,R,NCCR 03,,,NCCR 75,,HB-L,HB-L (-6),L,1; NCCR 13 (HB-L),,,,L;R,15
240,"04 NCCR OFF vs. FLUN (09/23/23), Play 037",37,,8,-40,3,6,,,12,FLANK LT JILL CHIP MARS ANKLE,GUN,,FLANK,,,,,,,,JILL-JACK CHIP,JILL CHIP MARS ANKLE,,,MARS ANKLE,MARS,ANKLE,,,,X,X,PENALTY,4,,N,9/23/2023,9/23/2023,4,3,3,4:39,0,KICKOFF - TB,PUNT,-25,-35,-40,6,8,6,52,-5,6,,P,0,COMPLETE,NCCR 04,NCCR 19,-5,19,-12,12,2-0-1-2,2x2,7.4,9,1,2/4/2005,L,,M,NCCR 19,,NCCR 04 IFP,NCCR 52,,HB-L,HB-L (-6),L,1; NCCR 13 (HB-L),,,,L;L,1
209,"04 NCCR OFF vs. FLUN (09/23/23), Play 038",38,,9,-38,0,10,1,,12,FIB DUAL LT OFF BEETLE Y-TRAIL,GUN,X,DUAL,OFF,,,,,,,,BEETLE Y-TRAIL,,BEETLE-SPIDER TRAIL,,,,,TRAIL-Y,,R,,,4,21,N,9/23/2023,9/23/2023,4,3,1,0:13,0,FUMBLE,PUNT,-38,41,-38,9,9,1,1,1,10,,R,0,,NCCR 04,NCCR 21,,19,-12,12,2-0-1-2,2x2,,,1,3/4/2004,C,,,,,,,,HB-R,HB-R (-6),L,1; NCCR 21 (HB-R),INSIDE ZONE,READ OPTION;SPLIT,,L,12
241,"04 NCCR OFF vs. FLUN (09/23/23), Play 039",39,,9,-39,2,9,2,,12,BUMP DEUCE RT SLOT LION OLY,GUN,,DEUCE,,SLOT,,,,,BUMP,,LION OLY,,BEAR-LION OMAR,,,,,,,R,,,4,4,N,9/23/2023,9/23/2023,4,4,2,15:00,0,FUMBLE,PUNT,-38,41,-39,9,9,2,2,2,9,,R,0,,NCCR 04,NCCR 04,,19,-12,12,2-0-1-2,3x1,,,1,3/4/2004,C,,,,,,,,HB-L,HB-L (-5),L,1; NCCR 21 (HB-L),OUTSIDE ZONE,SPEED OPTION,,L;R,15
242,"04 NCCR OFF vs. FLUN (09/23/23), Play 040",40,,9,-41,3,7,6,,12,DOLPHIN LT Z-BACK SHOW SALLY CRACK,GUN,,DOLPHIN,,,,,BACK-Z,,,,SHOW SALLY CRACK,,,,,,SALLY-ROSE CRACK,,CRACK,P,C,,4,13,Y,9/23/2023,9/23/2023,4,4,3,14:19,0,FUMBLE,PUNT,-38,41,-41,9,9,3,6,6,7,,P,0,COMPLETE,NCCR 04,NCCR 13,,19,-12,12,2-0-1-2,2x2,2.5,7,4,2/4/2005,L,,M,NCCR 13,,,,,HB-R,HB-R (-6),,1; NCCR 13 (HB-R),,,,,4
243,"04 NCCR OFF vs. FLUN (09/23/23), Play 041",41,,9,-47,4,1,5,,12,NASA (U) YAHOO TRIX RT X-JET H-IN,UNDER,,TRIX,,,,,YAHOO,JET-X,IN-H,,NASA,NASA,,,,,,,,X,,,4,,Y,9/23/2023,,,,,,,,,,,,,,,,,,,,,,,,,,,,,,,,,,,,,,,,,,,,,,,,,,
244,"04 NCCR OFF vs. FLUN (09/23/23), Play 042",42,,9,48,1,10,-7,,12,TRAIN RT OFF LIZZY SUN SWITCH X-DRAG,GUN,,TRAIN,OFF,,,,,,,LIZZY-RIPPY,LIZZY SUN SWITCH X-DRAG,,,SUN SWITCH DRAG-X,SUN SWITCH,DRAG-X,,,,P,SACK,SACK,4,4,N,9/23/2023,9/23/2023,4,4,1,13:54,0,FUMBLE,PUNT,-38,41,48,9,9,4,-7,-7,10,,P,0,SACK,NCCR 04,NCCR 04,,19,-12,12,2-0-1-2,1x3,4.2,,,3/4/2004,L,,X,,,,NCCR 76,,HB-R,HB-R (-6),R,1; NCCR 13 (HB-R),,,FLUN D01,R,17
245,"04 NCCR OFF vs. FLUN (09/23/23), Play 043",43,,9,-45,2,17,19,,12,(P) TRAIN LT OFF H-BOMBER N. CALI LUCY,PISTOL,,TRAIN,OFF,,,,BOMBER-H,,,,N. CALI LUCY,,,,,,CALI LUCY-RUBY,,,P,C,,4,81,Y,9/23/2023,9/23/2023,4,4,2,13:11,0,FUMBLE,PUNT,-38,41,-45,9,9,5,19,19,17,1,P,0,COMPLETE,NCCR 04,NCCR 81,,19,-12,12,2-0-1-2,4x0,2.8,24,2,3/3/2005,R,,M,NCCR 81,,,,,HB,HB (-7),L,1; NCCR 13 (HB),POWER,,,L,5
246,"04 NCCR OFF vs. FLUN (09/23/23), Play 044",44,,9,36,1,10,4,,12,TRIPS RT OX 1 R-JET N. PITT COVER,EMPTY,,TRIPS,,OX / 1,,X,,,JET-R,,N. PITT COVER,,PITT COVER,,,,,,,R,,,4,4,Y,9/23/2023,9/23/2023,4,4,1,12:26,0,FUMBLE,PUNT,-38,41,36,9,9,6,4,4,10,,R,0,,NCCR 04,NCCR 04,,19,-12,12,2-0-1-2,1x4,,,2,3/3/2005,L,,,,,,,,EMPTY,,R,,POWER,INVERTED;READ OPTION,,R;R,7
247,"04 NCCR OFF vs. FLUN (09/23/23), Play 045",45,,9,32,2,6,5,,11,YAC TRAIN RT OX SPIDER SLIP,GUN,,TRAIN,,OX,,,AC-Y,,,,SPIDER SLIP,,BEETLE-SPIDER SLIP,,,,,,,R,,PENALTY,4,4,Y,9/23/2023,9/23/2023,4,4,2,11:42,0,FUMBLE,PUNT,-38,41,32,9,9,7,5,-5,6,,R,0,,NCCR 04,NCCR 04,-10,19,-12,11,3-0-1-1,0x4,,,7,3/3/2005,C,,,,,NCCR 76 OH,,,HB-L,HB-L (-5),R,1; NCCR 13 (HB-L),INSIDE ZONE,READ OPTION;SPLIT,,R,3
248,"04 NCCR OFF vs. FLUN (09/23/23), Play 046",46,,9,37,2,11,4,,11,YAC HAC FIB DUAL RT OFF BEAR OMAR,GUN,X,DUAL,,,,,AC-Y,AC-H,,,BEAR OMAR,,BEAR-LION OMAR,,,,,,,R,,,4,4,N,9/23/2023,9/23/2023,4,4,2,11:14,0,FUMBLE,PUNT,-38,41,37,9,9,8,4,4,11,,R,0,,NCCR 04,NCCR 04,,19,-12,11,3-0-1-1,2x2,,,2,3/3/2005,L,,,,,,,,HB-R,HB-R (-6),R,1; NCCR 13 (HB-R),OUTSIDE ZONE,SPEED OPTION,,R,3
249,"04 NCCR OFF vs. FLUN (09/23/23), Play 047",47,,9,33,3,7,-8,,11,NINER JUKE,EMPTY,,JUKE,,2,,X,,,,LOAD-ROCK,NINER JUKE,NINER,,JUKE,JUKE,,,,,P,SACK,SACK,4,4,N,9/23/2023,9/23/2023,4,4,3,10:41,0,FUMBLE,PUNT,-38,41,33,9,9,9,-8,-8,7,,P,0,SACK,NCCR 04,NCCR 04,,19,-12,11,3-0-1-1,3x2,2.4,,,2/4/2005,R,,X,,,,NCCR 50; NCCR 52; NCCR 79,,EMPTY,,,,,,FLUN D11; FLUN D88,,14
210,"04 NCCR OFF vs. FLUN (09/23/23), Play 048",48,,10,-5,0,10,-4,,12,DEUCE RT SLOT Q-LION BOSS,GUN,,DEUCE,,SLOT,,,,,,,Q-LION BOSS,,BEAR-LION Q BOSS,,,,,,,R,,,4,4,N,9/23/2023,9/23/2023,4,4,1,6:34,0,PUNT - FC,PUNT,-5,-10,-5,3,10,1,-4,-4,10,,R,0,,NCCR 04,NCCR 04,,19,-12,12,2-0-1-2,3x1,,,1,3/4/2004,R,,,,,,,,HB-L,HB-L (-6),L,1; NCCR 13 (HB-L),OUTSIDE ZONE,LEAD;QB RUNS,,L;R,21
250,"04 NCCR OFF vs. FLUN (09/23/23), Play 049",49,,10,-1,2,14,3,,12,TRIPS RT H-IN JORDAN,UNDER,,TRIPS,,,,,IN-H,,,,JORDAN,,SNEAKER,,,,,,,R,,,4,4,N,9/23/2023,9/23/2023,4,4,2,5:53,0,PUNT - FC,PUNT,-5,-10,-1,3,10,2,3,3,14,,R,0,,NCCR 04,NCCR 04,,19,-12,12,2-0-1-2,1x2,,,3,3/4/2004,L,,,,,,,,HB; FB,HB (-7); FB (-2),U,2; NCCR 13 (HB); NCCR 18 (FB),SNEAK,,,R,4
251,"04 NCCR OFF vs. FLUN (09/23/23), Play 050",50,,10,-4,3,11,,,12,DEUCE LT SLOT THURSDAY,GUN,,DEUCE,,SLOT,,,,,,,THURSDAY,THURSDAY,,,,,,,,X,,PENALTY,4,,,9/23/2023,,,,,,,,,,,,,,,,,,,,,,,,,,,,,,,,,,,,,,,,,,,,,,,,,,
252,"04 NCCR OFF vs. FLUN (09/23/23), Play 051",51,,10,-2,3,13,,,12,DOT LT JILL CHIP Y-PUNCH DANCER,GUN,,DOT,,,,,,,,JILL-JACK CHIP,JILL CHIP Y-PUNCH DANCER,,,PUNCH-Y DANCER,PUNCH-Y,DANCER,,,,P,X,PENALTY,4,10,N,9/23/2023,9/23/2023,4,4,3,4:47,0,PUNT - FC,PUNT,-5,-10,-2,3,10,3,8,8,13,,P,0,COMPLETE,NCCR 04,NCCR 19,,19,-12,12,2-0-1-2,2x2,2,0,0,2/4/2005,L,,L,NCCR 19,,,NCCR 75,,HB-R,HB-R (-5),,1; NCCR 13 (HB-R),,,,L;R,5
253,"04 NCCR OFF vs. FLUN (09/23/23), Play 052",52,,10,-2,3,13,8,,12,DOT LT CLASSY JACK QK CHIP HERO SPACING,GUN,,DOT,,CLASSY,,,,,,JILL-JACK QK CHIP,QK JACK CHIP HERO SPACING,,,HERO SPACING,HERO,SPACING,,,,P,C,,4,19,N,9/23/2023,9/23/2023,4,4,3,4:47,0,PUNT - FC,PUNT,-5,-10,-2,3,10,3,8,8,13,,P,0,COMPLETE,NCCR 04,NCCR 19,,19,-12,12,2-0-1-2,2x2,2,0,0,2/4/2005,L,,L,NCCR 19,,,NCCR 75,,HB-R,HB-R (-5),,1; NCCR 13 (HB-R),,,,L;R,5
254,"04 NCCR OFF vs. FLUN (09/23/23), Play 053",53,,11,-25,0,10,10,,11,FIB DUAL RT OFF SPIDER Y-TRAIL,GUN,X,DUAL,OFF,,,,,,,,,,,,,,,,,,,,,,,9/23/2023,9/23/2023,4,4,1,2:28,2,KICKOFF - TB,DOWNS,-25,35,-25,7,11,1,10,10,10,1,P,1,COMPLETE,NCCR 04,NCCR 86,,22,-15,11,3-0-1-1,2x2,2.5,10,1,2/4/2005,L,,L,NCCR 86,,,,,HB-L,HB-L (-6),,1; NCCR 13 (HB-L),INSIDE ZONE,,,R,20
255,"04 NCCR OFF vs. FLUN (09/23/23), Play 054",54,,11,-35,1,10,7,,11,FIB DUAL RT OFF SPIDER Y-TRAIL,GUN,X,DUAL,OFF,,,,,,,,SPIDER Y-TRAIL,2 MINUTE,BEETLE-SPIDER TRAIL,,,,,TRAIL-Y,,R,,,4,4,Y,9/23/2023,9/23/2023,4,4,1,2:05,2,KICKOFF - TB,DOWNS,-25,35,-35,7,11,2,7,7,10,,R,0,,NCCR 04,NCCR 04,,22,-15,11,3-0-1-1,2x2,,,0,2/4/2005,L,,,,,,,,HB-L,HB-L (-5),R,1; NCCR 13 (HB-L),INSIDE ZONE,READ OPTION;SPLIT,,R,23
211,"04 NCCR OFF vs. FLUN (09/23/23), Play 055",55,,11,-42,2,3,23,,11,TRAIN RT OFF LOAD PIN SPROLES,GUN,,TRAIN,OFF,,,,,,,LOAD-ROCK,LOAD PIN SPROLES,2 MINUTE,,PIN SPROLES,PIN,SPROLES,,,,P,C,,4,10,Y,9/23/2023,9/23/2023,4,4,2,1:39,2,KICKOFF - TB,DOWNS,-25,35,-42,7,11,3,23,23,3,1,P,0,COMPLETE,NCCR 04,NCCR 10,,22,-15,11,3-0-1-1,1x3,3.3,7,4,3/3/2005,L,,M,NCCR 10,,,,,HB-L,HB-L (-5),,1; NCCR 13 (HB-L),,,,R,21
256,"04 NCCR OFF vs. FLUN (09/23/23), Play 056",56,,11,35,1,10,0,,11,TRAIN RT OFF JILL PIN BOOT,GUN,,TRAIN,OFF,,,,,,,JILL-JACK,JILL PIN BOOT,2 MINUTE,,PIN BOOT,PIN,BOOT,,,,P,I,,4,3,N,9/23/2023,9/23/2023,4,4,1,1:21,2,KICKOFF - TB,DOWNS,-25,35,35,7,11,4,,0,10,,P,0,THROWN AWAY,NCCR 04,,,22,-15,11,3-0-1-1,1x3,5.8,,,3/3/2005,L,,X,,,,NCCR 76,,HB-L,HB-L (-6),L,1; NCCR 13 (HB-L),,,,R,24
257,"04 NCCR OFF vs. FLUN (09/23/23), Play 057",57,,11,35,2,10,0,,11,Z-TANGO LT A R-HOME N. SPRINT SHOE,GUN,,TANGO,,A,,,,,HOME-R,,SPRINT,2 MINUTE,,SHOE,SHOE,,,,,P,I,,4,19,N,9/23/2023,9/23/2023,4,4,2,1:11,2,KICKOFF - TB,DOWNS,-25,35,35,7,11,5,,0,10,,P,0,INCOMPLETE,NCCR 04,,,22,-15,11,3-0-1-1,1x3,4,,,3/3/2005,L,,R,NCCR 19,,,NCCR 21; NCCR 52,,HB-R,HB-R (-5),R,1; NCCR 21 (HB-R),,,,L,4
258,"04 NCCR OFF vs. FLUN (09/23/23), Play 058",58,,11,35,3,10,0,,11,YAC TRAIN RT S. CALI RUBY,GUN,,TRAIN,,,,,AC-Y,,,,S. CALI RUBY,2 MINUTE,,,,,CALI LUCY-RUBY,,,P,I,,4,18,N,9/23/2023,9/23/2023,4,4,3,1:06,2,KICKOFF - TB,DOWNS,-25,35,35,7,11,6,,0,10,,P,0,THROWN AWAY,NCCR 04,,,22,-15,11,3-0-1-1,1x3,2.2,,,3/3/2005,L,,X,,,,NCCR 50,,HB-R,HB-R (-5),L,1; NCCR 13 (HB-R),POWER,,,R,4
259,"04 NCCR OFF vs. FLUN (09/23/23), Play 059",59,,11,35,4,10,0,,11,TRAIN RT OFF THURSDAY (CK. JILL H-DRIVE DANCER),GUN,,TRAIN,OFF,,,,,,,JILL-JACK,JILL H-DRIVE DANCER,2 MINUTE,,DRIVE-H DANCER,DRIVE-H,DANCER,,,,P,I,,4,19,N,9/23/2023,9/23/2023,4,4,4,1:00,2,KICKOFF - TB,DOWNS,-25,35,35,7,11,7,,0,10,,P,0,INCOMPLETE,NCCR 04,,,22,-15,11,3-0-1-1,1x3,3.2,,,2/4/2005,L,,R,NCCR 19,,,NCCR 75; NCCR 79,,HB-L,HB-L (-5),L,1; NCCR 13 (HB-L),,,,R,4
,,,,,,,,,,,,,,,,,,,,,,,,,,,,,,,,,,,,,,,,,,,,,,,,,,,,,,,,,,,,,,,,,,,,,,,,,,,,,,,,,,,,,,,,
