pff_GAMEDATE,pff_WEEK,pff_QUARTER,pff_DOWN,pff_CLOCK,pff_2MINUTE,pff_DRIVESTARTEVENT,pff_DRIVEENDEVENT,pff_DRIVESTARTFIELDPOSITION,pff_DRIVEENDFIELDPOSITION,pff_FIELDPOSITION,pff_DRIVEENDPLAYNUMBER,pff_DRIVE,pff_DRIVEPLAY,pff_GAINLOSS,pff_GAINLOSSNET,pff_DISTANCE,pff_FIRST_DOWN_GAINED,pff_RUNPASS,pff_RUNPASSOPTION,pff_PASSRESULT,pff_QB,pff_BALLCARRIER,pff_PENALTYYARDS,pff_SCORE,pff_SCOREDIFFERENTIAL,pff_OFFPERSONNELBASIC,pff_OFFPERSONNEL,pff_OFFFORMATIONGROUP,pff_TIMETOTHROW,pff_YARDSAFTERCATCH,pff_YARDSAFTERCONTACT,pff_DEFPERSONNEL,pff_HASH,pff_INTERCEPTION,pff_PASSDIRECTION,pff_PASSRECEIVERTARGET,,pff_PENALTY,pff_QBPRESSUREALLOWED,pff_QBSCRAMBLE,pff_RBALIGNMENT,pff_RBDEPTH,pff_RBDIRECTION,pff_RBSINBACKFIELD,pff_RUNCONCEPTPRIMARY,pff_RUNCONCEPTSECONDARY,pff_SACK,pff_TEALIGNMENT,pff_PLAYCLOCK
9/2/2023,1,1,1,14:52,0,KICKOFF - RETURN,PUNT,-34,-40,-34,3,1,1,-2,-2,10,,R,1,,NCCR 04,NCCR 13,,0,0,11,3-0-1-1,2x2,,,1,4/4/2003,R,,,,,,,,HB-L,HB-L (-5),R,1; NCCR 13 (HB-L),POWER,,,R,2
9/2/2023,1,1,2,14:25,0,KICKOFF - RETURN,PUNT,-34,-40,-32,3,1,2,-3,-3,12,,P,0,COMPLETE,NCCR 04,NCCR 13,,0,0,11,3-0-1-1,3x2,1.3,2,2,4/4/2003,R,,M,NCCR 13,,,,,EMPTY,,,,,,,,19
9/2/2023,1,1,3,13:37,0,KICKOFF - RETURN,PUNT,-34,-40,-29,3,1,3,11,11,15,,P,0,COMPLETE,NCCR 04,NCCR 10,,0,0,11,3-0-1-1,2x2,2.3,2,0,4/3/2004,L,,M,NCCR 10,,,,,HB-L,HB-L (-5),,1; NCCR 13 (HB-L),,,,L,2
9/2/2023,1,1,4,12:54,0,,,,,-40,,,,44,44,4,,,0,,,,,0,0,,,,,,,,R,,,,,,,,R,,,,,,,,5
9/2/2023,1,1,1,6:37,0,PUNT - OOB,PUNT,-25,-29,-25,3,2,1,-2,-2,10,,R,0,,NCCR 04,NCCR 10,,0,0,11,3-0-1-1,2x2,,,2,4/4/2003,L,,,,,,,,HB,HB (-7),L,1; NCCR 13 (HB),TRICK,MISDIRECTION,,R,21
9/2/2023,1,1,2,6:05,0,PUNT - OOB,PUNT,-25,-29,-23,3,2,2,4,4,12,,R,1,,NCCR 04,NCCR 13,,0,0,11,3-0-1-1,2x1,,,4,4/4/2003,R,,,,,,,,HB-L; FB-R,HB-L (-5); FB-R (-4),R,2; NCCR 13 (HB-L); NCCR 35 (FB-R),INSIDE ZONE,SPLIT,,,14
9/2/2023,1,1,3,5:29,0,,,,,-27,,,,,-5,8,,X,0,,NCCR 04,,-5,0,0,11,3-0-1-1,3x1,,,,4/3/2004,C,,,,,NCCR 12 FST,,,HB-R,HB-R (-5),,1; NCCR 13 (HB-R),,,,,13
9/2/2023,1,1,3,5:11,0,PUNT - OOB,PUNT,-25,-29,-22,3,2,3,7,7,13,,R,0,,NCCR 04,NCCR 13,,0,0,11,3-0-1-1,3x1,,,0,4/3/2004,C,,,,,,,,HB-R,HB-R (-5),L,1; NCCR 13 (HB-R),INSIDE ZONE,SPLIT,,,8
9/2/2023,1,1,4,4:19,0,,,,,-29,,,,,-5,6,,,0,,,,-5,0,0,,,,,,,,C,,,,,NCCR S44 DOG,,,L,,,,,,,,0
9/2/2023,1,1,4,4:19,0,,,,,-24,,,,24,24,11,,,0,,,,,0,0,,,,,,,,C,,,,,,,,L,,,,,,,,11
9/2/2023,1,1,1,2:41,0,PUNT - OOB,INTERCEPTION,-10,-12,-10,3,3,1,7,-1,10,,R,0,,NCCR 04,NCCR 28,-8,0,0,12,2-0-1-2,2x2,,,5,4/3/2004,R,,,,,NCCR 50 UNR,,,HB,HB (-7),L,1; NCCR 28 (HB),POWER,,,L;L,14
9/2/2023,1,1,2,2:25,0,PUNT - OOB,INTERCEPTION,-10,-12,-7,3,3,2,4,5,13,,R,0,,NCCR 04,NCCR 28,,0,0,12,2-0-1-2,2x2,,,1,4/4/2003,R,,,,,,,,HB,HB (-6),L,1; NCCR 28 (HB),POWER,,,L;L,18
9/2/2023,1,1,3,1:32,0,PUNT - OOB,INTERCEPTION,-10,-12,-12,3,3,3,,0,8,,P,0,INTERCEPTION,NCCR 04,,15,0,0,11,3-0-1-1,2x2,4.1,,,4/3/2004,R,SCST D25,M,NCCR 10,,SCST D56 UNSd,NCCR 50; NCCR 79,,HB-R,HB-R (-5),,1; NCCR 01 (HB-R),,,,R,20
9/2/2023,1,2,1,13:45,0,KICKOFF - RETURN,TOUCHDOWN,-31,0,-31,8,4,1,4,4,10,,R,0,,NCCR 04,NCCR 01,,0,-3,12,2-0-1-2,3x1,,,1,4/4/2003,R,,,,,,,,HB-R,HB-R (-6),R,1; NCCR 01 (HB-R),MAN,SPLIT,,L;R,14
9/2/2023,1,2,2,13:15,0,KICKOFF - RETURN,TOUCHDOWN,-31,0,-35,8,4,2,14,14,6,1,R,0,,NCCR 04,NCCR 01,,0,-3,12,2-0-1-2,2x2,,,0,4/4/2003,R,,,,,,,,HB-L,HB-L (-5),R,1; NCCR 01 (HB-L),POWER,,,R,16
9/2/2023,1,2,1,12:48,0,KICKOFF - RETURN,TOUCHDOWN,-31,0,-49,8,4,3,12,12,10,1,R,1,,NCCR 04,NCCR 01,,0,-3,12,2-0-1-2,2x2,,,11,4/4/2003,R,,,,,,,,HB-L,HB-L (-6),R,1; NCCR 01 (HB-L),POWER,,,R,21
9/2/2023,1,2,1,12:12,0,KICKOFF - RETURN,TOUCHDOWN,-31,0,39,8,4,4,7,7,10,,R,1,,NCCR 04,NCCR 13,,0,-3,12,2-0-1-2,2x2,,,4,4/4/2003,C,,,,,,,,HB-L,HB-L (-5),R,1; NCCR 13 (HB-L),POWER,,,R,12
9/2/2023,1,2,2,11:33,0,KICKOFF - RETURN,TOUCHDOWN,-31,0,32,8,4,5,22,22,3,1,R,1,,NCCR 04,NCCR 04,,0,-3,12,2-0-1-2,2x2,,,0,4/4/2003,C,,,,,,,,HB-R,HB-R (-6),R,1; NCCR 13 (HB-R),MAN,READ OPTION,,R,10
9/2/2023,1,2,1,10:53,0,KICKOFF - RETURN,TOUCHDOWN,-31,0,10,8,4,6,7,7,10,,R,0,,NCCR 04,NCCR 13,,0,-3,12,2-0-1-2,3x1,,,2,4/4/2003,R,,,,,,,,HB-R,HB-R (-5),R,1; NCCR 13 (HB-R),MAN,SPLIT,,L;R,6
9/2/2023,1,2,2,10:27,0,KICKOFF - RETURN,TOUCHDOWN,-31,0,3,8,4,7,1,1,3,,R,0,,NCCR 04,NCCR 01,,0,-3,12,2-0-1-2,3x1,,,3,4/4/2003,R,,,,,,,,HB-R,HB-R (-6),R,1; NCCR 01 (HB-R),MAN,SPLIT,,L;R,21
9/2/2023,1,2,3,10:05,0,,,,,2,,,,,1,2,,P,0,INCOMPLETE,NCCR 04,,1,0,-3,12,2-0-1-2,3x1,2,,,4/4/2003,R,,M,NCCR 19,,SCST D44 DOF,,,HB-R,HB-R (-5),R,1; NCCR 01 (HB-R),,,,L;R,24
9/2/2023,1,2,3,9:59,0,KICKOFF - RETURN,TOUCHDOWN,-31,0,1,8,4,8,1,1,1,1,R,0,,NCCR 04,NCCR 04,,0,-3,12,2-0-1-2,3x1,,,0,4/4/2003,R,,,,,,,,HB-L,HB-L (-5),L,1; NCCR 01 (HB-L),OUTSIDE ZONE,SPEED OPTION,,L;R,10
9/2/2023,1,2,0,9:56,0,,,,,3,,,,,-5,0,1,,0,,,,-5,6,3,,,,,,,,C,,,,,NCCR S98 DOG,,,EMPTY,,,,,,,,0
9/2/2023,1,2,0,9:56,0,,,,,8,,,,,0,0,,,0,,,,,6,3,,,,,,,,C,,,,,,,,,,,,,,,,10
9/2/2023,1,2,0,9:56,0,,,,,-35,,,,67,40,0,,,0,,,,,7,-4,,,6-0-3,,,,,R,,,,,,,,,,,,,,,,11
9/2/2023,1,2,1,8:26,0,PUNT - FC,TOUCHDOWN,-25,0,-25,9,5,1,8,8,10,,R,0,,NCCR 04,NCCR 01,,7,4,12,2-0-1-2,1x3,,,2,4/4/2003,L,,,,,,,,HB-R,HB-R (-6),R,1; NCCR 01 (HB-R),MAN,LEAD,,L;R,23
9/2/2023,1,2,2,7:55,0,PUNT - FC,TOUCHDOWN,-25,0,-33,9,5,2,1,1,2,,P,1,COMPLETE,NCCR 04,NCCR 81,,7,4,12,2-0-1-2,2x2,2.6,1,0,4/4/2003,L,,L,NCCR 81,,,,,HB-L,HB-L (-6),,1; NCCR 01 (HB-L),MAN,,,L,15
9/2/2023,1,2,3,7:35,0,PUNT - FC,TOUCHDOWN,-25,0,-34,9,5,3,16,16,1,1,R,0,,NCCR 04,NCCR 01,,7,4,12,2-0-1-2,1x3,,,11,4/4/2003,L,,,,,,,,HB-R,HB-R (-5),R,1; NCCR 01 (HB-R),MAN,,,R,28
9/2/2023,1,2,1,7:00,0,,,,,50,,,,4,0,10,,P,0,RUN,NCCR 04,NCCR 04,0,7,4,12,2-0-1-2,3x1,4.6,,1,4/4/2003,R,,X,,,(O) NCCR 50 OH; (O) SCST D29 DH,NCCR 50,R,HB-R,HB-R (-6),,1; NCCR 13 (HB-R),,,,L;R,14
9/2/2023,1,2,1,6:41,0,PUNT - FC,TOUCHDOWN,-25,0,50,9,5,4,-2,-2,10,,R,0,,NCCR 04,NCCR 28,,7,4,12,2-0-1-2,3x1,,,1,4/4/2003,R,,,,,,,,HB-L,HB-L (-6),L,1; NCCR 28 (HB-L),MAN,,,L;R,15
9/2/2023,1,2,2,6:06,0,PUNT - FC,TOUCHDOWN,-25,0,-48,9,5,5,2,-8,12,,P,0,COMPLETE,NCCR 04,NCCR 28,-10,7,4,11,3-0-1-1,3x2,1.4,6,0,4/4/2003,R,,M,NCCR 28,,NCCR 10 OH,,,EMPTY,,,,,,,,12
9/2/2023,1,2,2,5:34,0,PUNT - FC,TOUCHDOWN,-25,0,-40,9,5,6,15,15,20,,P,1,COMPLETE,NCCR 04,NCCR 19,,7,4,11,3-0-1-1,2x2,2.1,2,2,4/3/2004,L,,M,NCCR 19,,,,,HB-R,HB-R (-6),,1; NCCR 01 (HB-R),POWER,,,L,14
9/2/2023,1,2,3,5:09,0,,,,,45,,,,,15,5,1,P,0,INCOMPLETE,NCCR 04,,15,7,4,11,3-0-1-1,2x2,1.8,,,4/3/2004,L,,R,NCCR 02,,SCST D16 DPI; (D) SCST D97 DOF,,,HB-L,HB-L (-5),,1; NCCR 01 (HB-L),,,,,22
9/2/2023,1,2,1,4:58,0,PUNT - FC,TOUCHDOWN,-25,0,30,9,5,7,10,10,10,1,R,1,,NCCR 04,NCCR 01,,7,4,12,2-0-1-2,2x2,,,6,4/3/2004,L,,,,,,,,HB-R,HB-R (-6),L,1; NCCR 01 (HB-R),POWER,,,L,24
9/2/2023,1,2,1,4:50,0,PUNT - FC,TOUCHDOWN,-25,0,20,9,5,8,14,14,10,1,P,1,RUN,NCCR 04,NCCR 04,,7,4,12,2-0-1-2,2x2,4.5,,3,4/3/2004,L,,X,,,,,R,HB-R,HB-R (-6),,1; NCCR 01 (HB-R),MAN,,,R,13
9/2/2023,1,2,1,4:17,0,PUNT - FC,TOUCHDOWN,-25,0,6,9,5,9,6,6,6,1,R,0,,NCCR 04,NCCR 01,,7,4,12,2-0-1-2,3x1,,,0,4/3/2004,R,,,,,,,,HB-R,HB-R (-6),R,1; NCCR 01 (HB-R),MAN,READ OPTION;SPLIT,,L;R,11
9/2/2023,1,2,0,4:12,0,,,,,3,,,,,0,0,,,0,,,,,13,10,,,,,,,,C,,,,,,,,,,,,,,,,7
9/2/2023,1,2,0,4:12,0,,,,,-35,,,,66,40,0,,,0,,,,,14,-11,,,6-0-3,,,,,R,,,,,,,,,,,,,,,,9
9/2/2023,1,2,1,2:19,2,PUNT - RETURN,FIELD GOAL,-18,27,-18,10,6,1,10,10,10,1,P,1,COMPLETE,NCCR 04,NCCR 86,,14,11,12,2-0-1-2,2x2,1.8,11,4,4/4/2003,L,,M,NCCR 86,,,,,HB-R,HB-R (-5),,1; NCCR 01 (HB-R),INSIDE ZONE,,,L,10
9/2/2023,1,2,1,1:54,2,PUNT - RETURN,FIELD GOAL,-18,27,-28,10,6,2,5,5,10,,P,0,COMPLETE,NCCR 04,NCCR 81,,14,11,12,2-0-1-2,2x2,2.4,0,0,4/4/2003,R,,M,NCCR 81,,,,,HB-R,HB-R (-6),,1; NCCR 01 (HB-R),,,,R;R,18
9/2/2023,1,2,2,1:30,2,PUNT - RETURN,FIELD GOAL,-18,27,-33,10,6,3,16,16,5,1,P,0,COMPLETE,NCCR 04,NCCR 19,,14,11,11,3-0-1-1,2x2,2.5,1,0,4/4/2003,R,,R,NCCR 19,,,,,HB-L,HB-L (-6),,1; NCCR 13 (HB-L),,,,R,24
9/2/2023,1,2,1,1:25,2,PUNT - RETURN,FIELD GOAL,-18,27,-49,10,6,4,,0,10,,P,0,INCOMPLETE,NCCR 04,,,14,11,11,3-0-1-1,2x2,2.7,,,4/4/2003,R,,R,NCCR 19,,,,,HB-R,HB-R (-6),,1; NCCR 13 (HB-R),,,,R,17
9/2/2023,1,2,2,1:21,2,PUNT - RETURN,FIELD GOAL,-18,27,-49,10,6,5,8,8,10,,P,0,RUN,NCCR 04,NCCR 04,,14,11,11,3-0-1-1,3x2,2.5,,4,4/4/2003,R,,X,,,,,C,EMPTY,,,,,,,,10
9/2/2023,1,2,3,1:03,2,PUNT - RETURN,FIELD GOAL,-18,27,43,10,6,6,4,4,2,1,R,0,,NCCR 04,NCCR 13,,14,11,11,3-0-1-1,3x1,,,2,4/3/2004,R,,,,,,,,HB-L,HB-L (-6),L,1; NCCR 13 (HB-L),MAN,READ OPTION,,L,30
9/2/2023,1,2,1,0:46,2,PUNT - RETURN,FIELD GOAL,-18,27,39,10,6,7,15,15,10,1,P,0,COMPLETE,NCCR 04,NCCR 19,,14,11,11,3-0-1-1,2x2,2.6,0,0,4/3/2004,C,,R,NCCR 19,,,,,HB-L,HB-L (-6),,1; NCCR 13 (HB-L),,,,R,24
9/2/2023,1,2,1,0:39,2,PUNT - RETURN,FIELD GOAL,-18,27,24,10,6,8,-6,-6,10,,P,0,SACK,NCCR 04,NCCR 04,,14,11,11,3-0-1-1,3x1,2.4,,,4/3/2004,R,,X,,,,NCCR 04,,HB-R,HB-R (-5),,1; NCCR 13 (HB-R),,,SCST D11,R,12
9/2/2023,1,2,2,0:23,2,PUNT - RETURN,FIELD GOAL,-18,27,30,10,6,9,3,3,16,,P,0,COMPLETE,NCCR 04,NCCR 18,,14,11,11,3-0-1-1,2x2,1.6,0,0,4/3/2004,R,,R,NCCR 18,,,,,HB-L,HB-L (-5),,1; NCCR 13 (HB-L),,,,,
9/2/2023,1,2,3,0:18,2,PUNT - RETURN,FIELD GOAL,-18,27,27,10,6,10,,0,13,,P,0,INCOMPLETE,NCCR 04,,,14,11,11,3-0-1-1,3x1,2.1,,,4/3/2004,R,,M,NCCR 13,,,,,HB-R,HB-R (-6),,1; NCCR 13 (HB-R),,,,,7
9/2/2023,1,2,4,0:15,2,,,,,27,,,,45,0,13,,,0,,,,,14,11,,,,,,,,R,,,,,,,,,,,,,,,,10
9/2/2023,1,2,0,0:09,0,,,,,-35,,,,67,40,0,,,0,,,,,17,-14,,,6-0-3,,,,,R,,,,,,,,,,,,,,,,10
9/2/2023,1,3,0,15:00,0,,,,,-35,,,,68,40,0,,,0,,,,,17,-14,,,6-0-3,,,,,R,,,,,,,,,,,,,,,,
9/2/2023,1,3,1,12:20,0,PUNT - FC,PUNT,-15,-19,-15,3,7,1,2,2,10,,R,0,,NCCR 04,NCCR 13,,17,14,12,2-0-1-2,1x3,,,1,4/4/2003,L,,,,,,,,HB-R,HB-R (-6),R,1; NCCR 13 (HB-R),MAN,,,L;R,21
9/2/2023,1,3,2,11:54,0,PUNT - FC,PUNT,-15,-19,-17,3,7,2,-6,-6,8,,P,1,SACK,NCCR 04,NCCR 04,,17,14,12,2-0-1-2,1x3,1.9,,,4/4/2003,L,,X,,,,,,HB-R,HB-R (-6),,1; NCCR 00 (HB-R),INSIDE ZONE,,SCST D34,L;R,30
9/2/2023,1,3,3,11:15,0,PUNT - FC,PUNT,-15,-19,-11,3,7,3,8,8,14,,R,0,,NCCR 04,NCCR 00,,17,14,11,3-0-1-1,1x3,,,5,4/3/2004,L,,,,,,,,HB-L,HB-L (-5),R,1; NCCR 00 (HB-L),MAN,READ OPTION;SPLIT,,,7
9/2/2023,1,3,4,10:32,0,,,,,-19,,,,41,41,6,,,0,,,,,17,14,,,,,,,,L,,,,,,,,L,,,,,,,,6
9/2/2023,1,3,1,4:41,0,DOWNS,PUNT,-3,-1,-3,3,8,1,0,0,10,,R,0,,NCCR 04,NCCR 13,,17,14,13,1-0-1-3,1x2,,,1,4/4/2003,L,,,,,,,,HB; FB-R,HB (-7); FB-R (-4),R,2; NCCR 13 (HB); NCCR 35 (FB-R),INSIDE ZONE,SPLIT,,L;R,7
9/2/2023,1,3,2,4:16,0,DOWNS,PUNT,-3,-1,-3,3,8,2,1,1,10,,R,0,,NCCR 04,NCCR 01,,17,14,13,1-0-1-3,1x2,,,2,4/4/2003,L,,,,,,,,HB; FB-R,HB (-7); FB-R (-3),R,2; NCCR 01 (HB); NCCR 35 (FB-R),INSIDE ZONE,SPLIT,,L;R,22
9/2/2023,1,3,3,3:33,0,DOWNS,PUNT,-3,-1,-4,3,8,3,-3,-3,9,,R,0,,NCCR 04,NCCR 01,,17,14,12,2-0-1-2,2x2,,,0,4/4/2003,L,,,,,,,,HB-R,HB-R (-6),L,1; NCCR 01 (HB-R),INSIDE ZONE,READ OPTION;SPLIT,,L;L,5
9/2/2023,1,3,4,2:46,0,,,,,-1,,,,48,41,12,,,0,,,SCST 86,,17,14,,,,,,,,L,,,,,,,,L,,,,,,,,0
9/2/2023,1,3,1,0:43,0,DOWNS,MISSED FG,-35,15,-35,11,9,1,3,3,10,,P,0,COMPLETE,NCCR 04,NCCR 12,,17,14,11,3-0-1-1,3x1,0.6,7,0,4/4/2003,C,,M,NCCR 12,,,,,HB-L,HB-L (-5),,1; NCCR 28 (HB-L),,,,L,9
9/2/2023,1,3,2,0:08,0,DOWNS,MISSED FG,-35,15,-38,11,9,2,7,7,7,1,R,0,,NCCR 04,NCCR 00,,17,14,11,3-0-1-1,2x2,,,2,4/4/2003,L,,,,,,,,HB-L,HB-L (-5),R,1; NCCR 00 (HB-L),COUNTER,,,R,
9/2/2023,1,4,1,15:00,0,DOWNS,MISSED FG,-35,15,-45,11,9,3,7,7,10,,R,1,,NCCR 04,NCCR 00,,17,14,11,3-0-1-1,1x3,,,5,4/4/2003,C,,,,,,,,HB-L,HB-L (-5),R,1; NCCR 00 (HB-L),INSIDE ZONE,READ OPTION,,L,15
9/2/2023,1,4,2,14:26,0,DOWNS,MISSED FG,-35,15,48,11,9,4,17,17,3,1,R,0,,NCCR 04,NCCR 00,,17,14,11,3-0-1-1,3x0,,,9,4/4/2003,C,,,,,,,,HB-R; FB-R,HB-R (-5); FB-R (-3),L,2; NCCR 00 (HB-R); NCCR 35 (FB-R),OUTSIDE ZONE,CROSS LEAD,,,13
9/2/2023,1,4,1,13:53,0,DOWNS,MISSED FG,-35,15,31,11,9,5,2,2,10,,R,0,,NCCR 04,NCCR 01,,17,14,11,3-0-1-1,1x3,,,3,4/3/2004,L,,,,,,,,HB-L,HB-L (-6),R,1; NCCR 01 (HB-L),INSIDE ZONE,SPLIT,,L,14
9/2/2023,1,4,2,13:13,0,DOWNS,MISSED FG,-35,15,29,11,9,6,5,5,8,,R,0,,NCCR 04,NCCR 10,,17,14,11,3-0-1-1,1x3,,,3,4/3/2004,L,,,,,,,,HB,HB (-7),R,1; NCCR 00 (HB),TRICK,,,L,8
9/2/2023,1,4,3,12:49,0,DOWNS,MISSED FG,-35,15,24,11,9,7,2,2,3,,R,0,,NCCR 04,NCCR 00,,17,14,11,3-0-1-1,1x3,,,1,4/3/2004,L,,,,,,,,HB,HB (-5),L,1; NCCR 00 (HB),INSIDE ZONE,READ OPTION,,R,25
9/2/2023,1,4,4,12:14,0,DOWNS,MISSED FG,-35,15,22,11,9,8,3,3,1,1,R,0,,NCCR 04,NCCR 04,,17,14,13,1-0-1-3,1x2,,,2,4/3/2004,L,,,,,,,,HB; FB,HB (-6); FB (-2),U,2; NCCR 28 (HB); NCCR 35 (FB),SNEAK,,,L;R,16
9/2/2023,1,4,1,11:32,0,DOWNS,MISSED FG,-35,15,19,11,9,9,5,5,10,,R,1,,NCCR 04,NCCR 00,,17,14,12,2-0-1-2,2x2,,,4,4/3/2004,L,,,,,,,,HB-R,HB-R (-5),L,1; NCCR 00 (HB-R),POWER,,,L;L,4
9/2/2023,1,4,2,10:56,0,DOWNS,MISSED FG,-35,15,14,11,9,10,1,1,5,,R,0,,NCCR 04,NCCR 00,,17,14,12,2-0-1-2,2x2,,,1,4/3/2004,L,,,,,,,,HB-R,HB-R (-5),L,1; NCCR 00 (HB-R),INSIDE ZONE,READ OPTION,,L,12
9/2/2023,1,4,3,10:15,0,DOWNS,MISSED FG,-35,15,13,11,9,11,-2,-2,4,,R,1,,NCCR 04,NCCR 04,,17,14,12,2-0-1-2,2x2,,,1,4/3/2004,L,,,,,,,,HB-L,HB-L (-5),R,1; NCCR 00 (HB-L),DRAW,LEAD;QB RUNS,,L;L,8
9/2/2023,1,4,4,9:50,0,,,,,15,,,,33,0,6,,,0,,,,,17,14,,,,,,,,C,,,,,,,,,,,,,,,,11
9/2/2023,1,4,1,8:56,0,MUFFED PUNT,TOUCHDOWN,50,0,50,4,10,1,3,3,10,,R,0,,NCCR 04,NCCR 28,,17,14,12,2-0-1-2,2x2,,,4,4/4/2003,L,,,,,,,,HB,HB (-7),R,1; NCCR 28 (HB),POWER,,,R;R,6
9/2/2023,1,4,2,8:23,0,MUFFED PUNT,TOUCHDOWN,50,0,47,4,10,2,11,11,7,1,P,0,COMPLETE,NCCR 04,NCCR 02,,17,14,12,2-0-1-2,2x2,1.7,6,3,4/4/2003,L,,M,NCCR 02,,,,,HB-R,HB-R (-6),,1; NCCR 28 (HB-R),INSIDE ZONE,,,L;L,15
9/2/2023,1,4,1,7:42,0,MUFFED PUNT,TOUCHDOWN,50,0,36,4,10,3,,0,10,,P,0,INCOMPLETE,NCCR 04,,,17,14,12,2-0-1-2,3x1,4.8,,,4/4/2003,R,,R,NCCR 10,,,,,HB-L,HB-L (-6),,1; NCCR 28 (HB-L),UNDEFINED,,,L;R,9
9/2/2023,1,4,2,7:33,0,MUFFED PUNT,TOUCHDOWN,50,0,36,4,10,4,36,36,10,1,P,1,COMPLETE,NCCR 04,NCCR 86,,17,14,12,2-0-1-2,2x2,2.3,38,0,4/4/2003,R,,M,NCCR 86,,,,,HB-L,HB-L (-6),,1; NCCR 00 (HB-L),INSIDE ZONE,,,R;R,18
9/2/2023,1,4,0,7:23,0,,,,,3,,,,,0,0,,,0,,,,,23,20,,,,,,,,C,,,,,,,,,,,,,,,,11
9/2/2023,1,4,0,7:23,0,,,,,-35,,,,66,40,0,,,0,,,,,24,-21,,,6-0-3,,,,,R,,,,,,,,,,,,,,,,4
9/2/2023,1,4,1,6:37,4,INTERCEPTION,INTERCEPTION,22,7,22,6,11,1,1,1,10,,R,0,,NCCR 04,NCCR 00,,24,21,12,2-0-1-2,2x2,,,3,4/4/2003,R,,,,,,,,HB,HB (-7),L,1; NCCR 00 (HB),POWER,,,L;L,2
9/2/2023,1,4,2,6:04,4,INTERCEPTION,INTERCEPTION,22,7,21,6,11,2,,0,9,,P,0,INCOMPLETE,NCCR 04,,,24,21,12,2-0-1-2,2x2,1.8,,,4/4/2003,R,,M,NCCR 22,,,,,HB-R,HB-R (-6),,1; NCCR 00 (HB-R),,,,R;R,14
9/2/2023,1,4,3,6:00,4,INTERCEPTION,INTERCEPTION,22,7,21,6,11,3,12,12,9,1,P,0,RUN,NCCR 04,NCCR 04,,24,21,11,3-0-1-1,3x2,4,,0,4/4/2003,R,,X,,,,NCCR 76,R,EMPTY,,,,,,,,11
9/2/2023,1,4,1,5:29,4,INTERCEPTION,INTERCEPTION,22,7,9,6,11,4,3,3,9,,R,0,,NCCR 04,NCCR 04,,24,21,11,3-0-1-1,3x1,,,1,4/4/2003,R,,,,,,,,HB-L,HB-L (-6),L,1; NCCR 13 (HB-L),OUTSIDE ZONE,SPEED OPTION,,L,10
9/2/2023,1,4,2,4:53,4,INTERCEPTION,INTERCEPTION,22,7,6,6,11,5,-1,-1,6,,R,1,,NCCR 04,NCCR 28,,24,21,12,2-0-1-2,2x2,,,1,4/4/2003,L,,,,,,,,HB-R,HB-R (-6),L,1; NCCR 28 (HB-R),INSIDE ZONE,,,L,13
9/2/2023,1,4,3,4:13,4,INTERCEPTION,INTERCEPTION,22,7,7,6,11,6,,0,7,,P,0,INTERCEPTION,NCCR 04,,,24,21,12,2-0-1-2,3x1,4.3,,,4/4/2003,L,SCST D44,R,NCCR 17,,,,,HB-R,HB-R (-6),,1; NCCR 28 (HB-R),INSIDE ZONE,,,L;R,7
9/2/2023,1,4,1,1:54,0,PUNT - RETURN,END OF GAME,-41,49,-41,3,12,1,8,8,10,,R,0,,NCCR 11,NCCR 13,,24,21,11,3-0-1-1,0x3,,,4,4/4/2003,L,,,,,,,,HB-L; FB-L,HB-L (-5); FB-L (-2),R,2; NCCR 13 (HB-L); NCCR 17 (FB-L),OUTSIDE ZONE,READ OPTION;SPLIT,,,24
9/2/2023,1,4,2,1:18,0,PUNT - RETURN,END OF GAME,-41,49,-49,3,12,2,5,5,2,1,R,0,,NCCR 11,NCCR 13,,24,21,11,3-0-1-1,0x3,,,2,4/4/2003,C,,,,,,,,HB-L; FB-L,HB-L (-5); FB-L (-2),R,2; NCCR 13 (HB-L); NCCR 17 (FB-L),OUTSIDE ZONE,READ OPTION,,,12
9/2/2023,1,4,1,0:33,0,PUNT - RETURN,END OF GAME,-41,49,46,3,12,3,-3,-3,10,,R,0,,NCCR 11,NCCR 11,,24,21,13,1-0-1-3,1x1,,,0,4/4/2003,R,,,,,,,,HB; FB-L; FB-R,HB (-9); FB-L (-2); FB-R (-2),U,3; NCCR 13 (FB-L); NCCR 19 (HB); NCCR 35 (FB-R),UNDEFINED,,,L;R,0
9/9/2023,2,1,1,15:00,0,KICKOFF - TB,TOUCHDOWN,-25,0,-25,5,1,1,4,4,10,,R,0,,NCCR 04,NCCR 04,,0,0,11,3-0-1-1,4x0,,,3,3/3/2005,R,,,,,,,,HB-L,HB-L (-5),R,1; NCCR 13 (HB-L),COUNTER,QB RUNS,,L,11
9/9/2023,2,1,2,14:18,0,KICKOFF - TB,TOUCHDOWN,-25,0,-29,5,1,2,6,6,6,1,R,0,,NCCR 04,NCCR 01,,0,0,14,0-0-1-4,1x3,,,2,3/4/2004,R,,,,,,,,HB,HB (-7),L,1; NCCR 01 (HB),COUNTER,CROSS LEAD,,L;R;R;R,4
9/9/2023,2,1,1,13:36,0,KICKOFF - TB,TOUCHDOWN,-25,0,-35,5,1,3,9,9,10,,R,0,,NCCR 04,NCCR 00,,0,0,12,2-0-1-2,2x1,,,5,3/4/2004,R,,,,,,,,HB-R; FB-L,HB-R (-5); FB-L (-4),L,2; NCCR 00 (HB-R); NCCR 35 (FB-L),POWER,INVERTED;READ OPTION,,L,1
9/9/2023,2,1,2,12:56,0,KICKOFF - TB,TOUCHDOWN,-25,0,-44,5,1,4,8,8,1,1,R,0,,NCCR 04,NCCR 04,,0,0,12,2-0-1-2,1x3,,,4,3/4/2004,C,,,,,,,,HB-R,HB-R (-6),R,1; NCCR 00 (HB-R),MAN,LEAD;QB RUNS,,R;R,7
9/9/2023,2,1,1,12:08,0,KICKOFF - TB,TOUCHDOWN,-25,0,48,5,1,5,48,48,10,1,P,0,COMPLETE,NCCR 04,NCCR 12,,0,0,12,2-0-1-2,3x1,3.4,3,0,3/4/2004,R,,L,NCCR 12,,,,,HB-R,HB-R (-5),,1; NCCR 00 (HB-R),,,,L,1
9/9/2023,2,1,0,12:00,0,,,,,3,,,,,0,0,,,0,,,,,0,6,,,,,,,,C,,,,,,,,,,,,,,,,
9/9/2023,2,1,0,12:00,0,,,,,-35,,,,60,52,0,,,0,,,MDUN 05,,0,-7,,,6-0-3,,,,,R,,,,,,,,,,,,,,,,
9/9/2023,2,1,0,11:50,0,,,,,3,,,,,0,0,,,0,,,,,0,13,,,,,,,,C,,,,,,,,,,,,,,,,10
9/9/2023,2,1,0,11:50,0,,,,,-35,,,,67,40,0,,,0,,,,,0,-14,,,6-0-3,,,,,R,,,,,,,,,,,,,,,,14
9/9/2023,2,1,1,10:57,0,PUNT - RETURN,PUNT,-40,47,-40,5,2,1,9,9,10,,R,0,,NCCR 04,NCCR 01,,0,14,12,2-0-1-2,1x2,,,5,3/4/2004,L,,,,,,,,HB; FB-L,HB (-7); FB-L (-4),R,2; NCCR 01 (HB); NCCR 86 (FB-L),COUNTER,CROSS LEAD,,R,16
9/9/2023,2,1,2,10:24,0,PUNT - RETURN,PUNT,-40,47,-49,5,2,2,3,3,1,1,R,0,,NCCR 04,NCCR 04,,0,14,12,2-0-1-2,0x4,,,3,3/4/2004,L,,,,,,,,HB-R,HB-R (-6),R,1; NCCR 01 (HB-R),MAN,LEAD;QB RUNS,,R;R,18
9/9/2023,2,1,1,9:39,0,PUNT - RETURN,PUNT,-40,47,48,5,2,3,-1,-1,10,,R,0,,NCCR 01,NCCR 01,,0,14,12,2-0-1-2,3x1,,,3,3/4/2004,R,,,,,,,,HB-L,HB-L (-5),R,1; NCCR 04 (HB-L),COUNTER,CROSS LEAD;QB RUNS,,L;R,3
9/9/2023,2,1,2,8:58,0,PUNT - RETURN,PUNT,-40,47,49,5,2,4,0,0,11,,R,0,,NCCR 04,NCCR 00,,0,14,12,2-0-1-2,4x0,,,1,3/4/2004,R,,,,,,,,HB-R,HB-R (-5),L,1; NCCR 00 (HB-R),OUTSIDE ZONE,READ OPTION,,,7
9/9/2023,2,1,3,8:12,0,,,,,49,,,,,-5,11,,X,0,,NCCR 04,,-5,0,14,11,3-0-1-1,2x2,,,,3/4/2004,L,,,,,NCCR 50 FST,,,HB-L,HB-L (-6),,1; NCCR 13 (HB-L),,,,L,1
9/9/2023,2,1,3,7:56,0,PUNT - RETURN,PUNT,-40,47,-46,5,2,5,7,7,16,,P,0,COMPLETE,NCCR 04,NCCR 83,,0,14,11,3-0-1-1,2x2,2.3,0,0,3/4/2004,L,,M,NCCR 83,,,,,HB-L,HB-L (-6),,1; NCCR 13 (HB-L),,,,L,14
9/9/2023,2,1,4,7:10,0,,,,,47,,,,47,27,9,,,0,,,,,0,14,,,,,,,,R,,,,,,,,R,,,,,,,,7
9/9/2023,2,1,1,4:53,0,PUNT - DOWNED,PUNT,-35,-47,-35,6,3,1,1,1,10,,R,0,,NCCR 04,NCCR 04,,0,14,12,2-0-1-2,2x2,,,1,3/4/2004,L,,,,,,,,HB-R,HB-R (-3),R,1; NCCR 35 (HB-R),POWER,LEAD;QB RUNS,,R,14
9/9/2023,2,1,2,4:07,0,PUNT - DOWNED,PUNT,-35,-47,-36,6,3,2,1,1,9,,R,0,,NCCR 13,NCCR 13,,0,14,12,2-0-1-2,2x1,,,1,3/4/2004,C,,,,,,,,HB-R; FB-L,HB-R (-5); FB-L (-4),L,2; NCCR 04 (HB-R); NCCR 35 (FB-L),POWER,LEAD;QB RUNS,,L,18
9/9/2023,2,1,3,3:27,0,PUNT - DOWNED,PUNT,-35,-47,-37,6,3,3,8,8,8,1,P,0,COMPLETE,NCCR 04,NCCR 19,,0,14,11,3-0-1-1,2x2,3,8,2,3/3/2005,C,,M,NCCR 19,,,NCCR 79,,HB-L,HB-L (-6),R,1; NCCR 13 (HB-L),,,,,6
9/9/2023,2,1,1,2:40,0,PUNT - DOWNED,PUNT,-35,-47,-45,6,3,4,0,0,10,,R,0,,NCCR 04,NCCR 04,,0,14,12,2-0-1-2,4x0,,,1,3/4/2004,R,,,,,,,,HB-L,HB-L (-6),L,1; NCCR 13 (HB-L),MAN,LEAD;QB RUNS,,L;L,3
9/9/2023,2,1,2,1:43,0,PUNT - DOWNED,PUNT,-35,-47,-45,6,3,5,2,2,10,,R,1,,NCCR 04,NCCR 13,,0,14,12,2-0-1-2,2x2,,,2,3/4/2004,C,,,,,,,,HB-L,HB-L (-6),R,1; NCCR 13 (HB-L),COUNTER,CROSS LEAD,,L;L,2
9/9/2023,2,1,3,0:59,0,PUNT - DOWNED,PUNT,-35,-47,-47,6,3,6,0,0,8,,R,0,,NCCR 04,NCCR 04,,0,14,12,2-0-1-2,3x1,,,1,3/4/2004,R,,,,,,,,HB-L,HB-L (-6),R,1; NCCR 13 (HB-L),COUNTER,CROSS LEAD;QB RUNS,,,3
9/9/2023,2,1,4,0:17,0,,,,,-47,,,,41,39,8,,,0,,,MDUN D04,,0,14,,,,,,,,R,,,,,,,,L,,,,,,,,5
9/9/2023,2,2,1,11:09,0,KICKOFF - TB,PUNT,-25,-42,-25,5,4,1,9,9,10,,R,0,,NCCR 04,NCCR 01,,3,11,13,1-0-1-3,2x2,,,4,3/4/2004,L,,,,,,,,HB,HB (-7),L,1; NCCR 01 (HB),MAN,CROSS LEAD,,L;L;R,9
9/9/2023,2,2,2,10:31,0,KICKOFF - TB,PUNT,-25,-42,-34,5,4,2,6,6,1,1,R,0,,NCCR 04,NCCR 00,,3,11,13,1-0-1-3,2x2,,,2,3/4/2004,L,,,,,,,,HB,HB (-7),L,1; NCCR 00 (HB),MAN,CROSS LEAD,,L;L;R,12
9/9/2023,2,2,1,9:47,0,KICKOFF - TB,PUNT,-25,-42,-40,5,4,3,5,5,10,,R,0,,NCCR 04,NCCR 04,,3,11,12,2-0-1-2,1x3,,,0,3/4/2004,C,,,,,,,,HB-R,HB-R (-5),R,1; NCCR 00 (HB-R),PULL LEAD,QB RUNS,,,3
9/9/2023,2,2,2,9:02,0,KICKOFF - TB,PUNT,-25,-42,-45,5,4,4,,0,5,,P,0,INCOMPLETE,NCCR 04,,,3,11,12,2-0-1-2,1x3,3.5,,,3/4/2004,R,,M,NCCR 19,,,,,HB,HB (-7),,1; NCCR 00 (HB),UNDEFINED,,,R;R,1
9/9/2023,2,2,3,8:30,0,KICKOFF - TB,PUNT,-25,-42,-45,5,4,5,-3,-3,5,,P,0,SACK,NCCR 04,NCCR 04,,3,11,11,3-0-1-1,2x2,7.3,,,3/3/2005,R,,X,,,,NCCR 04; NCCR 52,,HB-R,HB-R (-5),R,1; NCCR 13 (HB-R),,,MDUN D03,,7
9/9/2023,2,2,4,7:44,0,,,,,-42,,,,43,29,8,,,0,,,MDUN D04,15,3,11,,,,,,,,L,,,,,NCCR D29 UNR,,,L,,,,,,,,5
9/9/2023,2,2,1,3:25,0,KICKOFF - TB,DOWNS,-25,46,-25,5,5,1,3,3,10,,R,0,,NCCR 04,NCCR 01,,6,8,13,1-0-1-3,1x2,,,3,3/4/2004,L,,,,,,,,HB; FB-L,HB (-7); FB-L (-3),R,2; NCCR 01 (HB); NCCR 35 (FB-L),COUNTER,CROSS LEAD,,L;R,14
9/9/2023,2,2,2,2:44,0,KICKOFF - TB,DOWNS,-25,46,-28,5,5,2,20,20,7,1,R,0,,NCCR 04,NCCR 04,,6,8,12,2-0-1-2,2x1,,,5,3/4/2004,R,,,,,,,,HB-R; FB-L,HB-R (-6); FB-L (-4),L,2; NCCR 01 (HB-R); NCCR 18 (FB-L),COUNTER,CROSS LEAD;QB RUNS,,L,6
9/9/2023,2,2,1,1:57,0,,,,,-48,,,,,-5,10,,X,0,,NCCR 04,,-5,6,8,12,2-0-1-2,1x3,,,,3/4/2004,L,,,,,NCCR 50 FST,,,HB,HB (-6),,1; NCCR 00 (HB),,,,R;R,2
9/9/2023,2,2,1,1:56,2,KICKOFF - TB,DOWNS,-25,46,-43,5,5,3,2,2,15,,P,1,COMPLETE,NCCR 04,NCCR 18,,6,8,12,2-0-1-2,2x2,1.7,3,1,3/4/2004,L,,M,NCCR 18,,,,,HB,HB (-8),L,1; NCCR 00 (HB),MAN,,,L;R,17
9/9/2023,2,2,2,1:30,2,KICKOFF - TB,DOWNS,-25,46,-45,5,5,4,,0,13,,P,0,INCOMPLETE,NCCR 04,,,6,8,12,2-0-1-2,2x2,4.4,,,3/4/2004,L,,M,NCCR 13,,,NCCR 04,,HB-L,HB-L (-6),,1; NCCR 13 (HB-L),UNDEFINED,,,L;L,17
9/9/2023,2,2,3,1:24,2,KICKOFF - TB,DOWNS,-25,46,-45,5,5,5,9,9,13,,R,1,,NCCR 04,NCCR 04,,6,8,11,3-0-1-1,1x4,,,3,3/3/2005,L,,,,,,,,EMPTY,,R,,DRAW,QB RUNS,,,3
9/9/2023,2,2,4,1:16,2,,,,,46,,,,,-5,4,,X,0,,NCCR 04,,-5,6,8,12,2-0-1-2,2x2,,,,3/4/2004,L,,,,,DOG,,,HB-L,HB-L (-6),,1; NCCR 13 (HB-L),,,,L;L,0
9/9/2023,2,2,4,1:16,0,,,,,-49,,,,51,31,9,,,0,,,,,6,8,,,,,,,,L,,,,,,,,L,,,,,,,,12
9/9/2023,2,3,0,15:00,0,,,,,-35,,,,67,40,0,,,0,,,,,9,-5,,,6-0-3,,,,,L,,,,,,,,,,,,,,,,
9/9/2023,2,3,1,9:14,0,KICKOFF - RETURN,PUNT,-28,-41,-28,5,6,1,9,9,10,,R,0,,NCCR 04,NCCR 01,,17,-3,12,2-0-1-2,1x3,,,7,3/4/2004,R,,,,,,,,HB-L,HB-L (-6),L,1; NCCR 01 (HB-L),MAN,CROSS LEAD,,L;R,13
9/9/2023,2,3,2,8:44,0,KICKOFF - RETURN,PUNT,-28,-41,-37,5,6,2,8,8,1,1,P,0,COMPLETE,NCCR 04,NCCR 10,0,17,-3,12,2-0-1-2,3x1,2,4,0,3/4/2004,R,,L,NCCR 10,,(D) MDUN D04 DOF,,,HB-L,HB-L (-6),R,1; NCCR 01 (HB-L),,,,L;R,20
9/9/2023,2,3,1,8:16,0,KICKOFF - RETURN,PUNT,-28,-41,-45,5,6,3,1,1,10,,R,0,,NCCR 04,NCCR 01,,17,-3,12,2-0-1-2,1x3,,,2,3/4/2004,L,,,,,,,,HB,HB (-7),L,1; NCCR 01 (HB),COUNTER,CROSS LEAD,,L;R,3
9/9/2023,2,3,2,7:40,0,KICKOFF - RETURN,PUNT,-28,-41,-46,5,6,4,,0,9,,P,0,INCOMPLETE,NCCR 04,,,17,-3,12,2-0-1-2,1x3,2,,,3/4/2004,L,,L,NCCR 12,,,,,HB-R,HB-R (-6),R,1; NCCR 01 (HB-R),,,,R,12
9/9/2023,2,3,3,7:34,0,KICKOFF - RETURN,PUNT,-28,-41,-46,5,6,5,-5,-5,9,,P,0,SACK,NCCR 04,NCCR 04,,17,-3,11,3-0-1-1,2x2,2,,,3/3/2005,L,,X,,,,NCCR 79,,HB-L,HB-L (-5),,1; NCCR 01 (HB-L),,,MDUN D01,L,4
9/9/2023,2,3,4,6:52,0,,,,,-41,,,,41,29,14,,,0,,,MDUN 06,,17,-3,,,,,,,,L,,,,,,,,R,,,,,,,,6
9/9/2023,2,3,1,3:18,0,INTERCEPTION,PUNT,-20,-35,-20,4,7,1,16,16,10,1,P,0,COMPLETE,NCCR 04,NCCR 18,,17,-3,12,2-0-1-2,2x2,2.5,1,1,3/4/2004,R,,R,NCCR 18,,,,,HB,HB (-7),L,1; NCCR 01 (HB),MAN,,,L;R,18
9/9/2023,2,3,1,3:12,0,INTERCEPTION,PUNT,-20,-35,-36,4,7,2,2,2,10,,R,0,,NCCR 04,NCCR 01,,17,-3,12,2-0-1-2,3x1,,,1,3/4/2004,R,,,,,,,,HB-L,HB-L (-6),R,1; NCCR 01 (HB-L),INSIDE ZONE,,,L;L,27
9/9/2023,2,3,2,2:29,0,INTERCEPTION,PUNT,-20,-35,-38,4,7,3,0,0,8,,R,0,,NCCR 04,NCCR 00,0,17,-3,12,2-0-1-2,1x3,,,3,3/4/2004,R,,,,,(D) ILF,,,HB,HB (-7),L,1; NCCR 00 (HB),MAN,CROSS LEAD,,L;R,4
9/9/2023,2,3,3,2:04,0,INTERCEPTION,PUNT,-20,-35,-38,4,7,4,-3,-3,8,,P,0,SACK,NCCR 04,NCCR 04,,17,-3,11,3-0-1-1,3x1,5.2,,,3/3/2005,R,,X,,,,NCCR 52; NCCR 76,,HB-R,HB-R (-5),,1; NCCR 00 (HB-R),,,MDUN D01,,7
9/9/2023,2,3,4,1:21,0,,,,,-35,,,,48,48,11,,,0,,,,,17,-3,,,,,,,,R,,,,,,,,L,,,,,,,,3
9/9/2023,2,4,1,11:55,0,KICKOFF - TB,INTERCEPTION,-25,28,-25,4,8,1,11,11,10,1,P,0,COMPLETE,NCCR 04,NCCR 18,,24,-10,12,2-0-1-2,3x1,3.4,9,4,3/4/2004,L,,M,NCCR 18,,,,,HB,HB (-6),R,1; NCCR 01 (HB),POWER,,,L;L,6
9/9/2023,2,4,1,11:14,0,KICKOFF - TB,INTERCEPTION,-25,28,-36,4,8,2,-7,-7,10,,P,0,SACK,NCCR 04,NCCR 04,,24,-10,12,2-0-1-2,2x2,2.8,,,3/4/2004,R,,X,,,,NCCR 75,,HB-R,HB-R (-5),R,1; NCCR 01 (HB-R),,,MDUN D35,L;R,7
9/9/2023,2,4,2,10:28,0,KICKOFF - TB,INTERCEPTION,-25,28,-29,4,8,3,48,48,17,1,P,0,RUN,NCCR 04,NCCR 04,,24,-10,12,2-0-1-2,3x1,4.8,,4,3/4/2004,R,,X,,,,,C,HB-R,HB-R (-5),R,1; NCCR 01 (HB-R),,,,R,2
9/9/2023,2,4,1,9:42,0,,,,,23,,,,0,-5,10,,R,0,,NCCR 04,NCCR 01,-5,24,-10,12,2-0-1-2,3x1,,,0,3/4/2004,L,,,,,ILF,,,HB-R,HB-R (-6),L,1; NCCR 01 (HB-R),INSIDE ZONE,SPLIT,,L;R,4
9/9/2023,2,4,1,9:30,0,KICKOFF - TB,INTERCEPTION,-25,28,28,4,8,4,,0,15,,P,0,INTERCEPTION,NCCR 04,,,24,-10,12,2-0-1-2,1x3,1.6,,,3/4/2004,L,MDUN D19,L,NCCR 18,,,,,HB-L,HB-L (-5),,1; NCCR 00 (HB-L),,,,R,19
9/9/2023,2,4,1,8:06,0,KICKOFF - TB,FUMBLE,-25,-43,-25,6,9,1,,0,10,,P,0,INCOMPLETE,NCCR 04,,,31,-17,12,2-0-1-2,2x2,3.7,,,3/4/2004,L,,L,NCCR 01,,,NCCR 79,,HB-R,HB-R (-6),L,1; NCCR 01 (HB-R),INSIDE ZONE,,,L;R,17
9/9/2023,2,4,2,7:59,0,KICKOFF - TB,FUMBLE,-25,-43,-25,6,9,2,16,16,10,1,P,0,COMPLETE,NCCR 04,NCCR 19,,31,-17,12,2-0-1-2,2x2,1.8,6,1,3/4/2004,L,,M,NCCR 19,,,NCCR 50,,HB-L,HB-L (-5),,1; NCCR 01 (HB-L),,,,L;L,12
9/9/2023,2,4,1,7:33,0,KICKOFF - TB,FUMBLE,-25,-43,-41,6,9,3,,0,10,,P,0,INCOMPLETE,NCCR 04,,,31,-17,12,2-0-1-2,2x2,3,,,3/4/2004,L,,M,NCCR 86,,,,,HB-L,HB-L (-5),,1; NCCR 01 (HB-L),,,,L;L,21
9/9/2023,2,4,2,7:02,0,,,,,-41,,,,,15,10,1,P,0,INCOMPLETE,NCCR 04,,15,31,-17,12,2-0-1-2,2x2,2.5,,,3/4/2004,L,,R,NCCR 12,,MDUN D06 DPI,,,HB-L,HB-L (-6),L,1; NCCR 01 (HB-L),,,,L;R,19
9/9/2023,2,4,1,6:55,0,KICKOFF - TB,FUMBLE,-25,-43,44,6,9,4,,0,10,,P,0,INCOMPLETE,NCCR 04,,,31,-17,12,2-0-1-2,2x2,2.6,,,3/4/2004,L,,M,NCCR 00,,,NCCR 75,,HB-L,HB-L (-5),,1; NCCR 00 (HB-L),,,,L;R,10
9/9/2023,2,4,2,6:49,0,KICKOFF - TB,FUMBLE,-25,-43,44,6,9,5,-2,-2,10,,R,1,,NCCR 04,NCCR 04,,31,-17,12,2-0-1-2,1x4,,,0,3/4/2004,L,,,,,,,,EMPTY,,R,,DRAW,QB RUNS,,,15
9/9/2023,2,4,3,6:06,0,KICKOFF - TB,FUMBLE,-25,-43,46,6,9,6,-5,-11,12,,R,1,,NCCR 04,NCCR 04,,31,-17,12,2-0-1-2,1x3,,,0,3/3/2005,C,,,,,,,,HB-R,HB-R (-6),L,1; NCCR 00 (HB-R),INSIDE ZONE,READ OPTION,,R,4
9/9/2023,2,4,1,4:35,0,KICKOFF - TB,TOUCHDOWN,-25,0,-25,9,10,1,12,12,10,1,P,0,COMPLETE,NCCR 11,NCCR 19,,38,-24,12,2-0-1-2,2x2,1.6,4,2,3/4/2004,L,,M,NCCR 19,,,,,HB-L,HB-L (-5),,1; NCCR 00 (HB-L),,,,L;L,15
9/9/2023,2,4,1,4:11,0,KICKOFF - TB,TOUCHDOWN,-25,0,-37,9,10,2,5,5,10,,P,0,COMPLETE,NCCR 11,NCCR 12,,38,-24,12,2-0-1-2,2x2,1.9,0,0,3/4/2004,C,,M,NCCR 12,,,,,HB-R,HB-R (-5),,1; NCCR 00 (HB-R),,,,L;R,22
9/9/2023,2,4,2,3:44,0,KICKOFF - TB,TOUCHDOWN,-25,0,-42,9,10,3,0,0,5,,R,0,,NCCR 11,NCCR 00,,38,-24,12,2-0-1-2,1x3,,,0,3/4/2004,L,,,,,,,,HB-R,HB-R (-6),R,1; NCCR 00 (HB-R),MAN,,,R;R,23
9/9/2023,2,4,3,3:09,0,KICKOFF - TB,TOUCHDOWN,-25,0,-42,9,10,4,3,3,5,,P,0,COMPLETE,NCCR 11,NCCR 19,,38,-24,12,2-0-1-2,2x2,2.6,2,1,3/4/2004,C,,M,NCCR 19,,,,,HB-R,HB-R (-5),,1; NCCR 13 (HB-R),,,,R;R,11
9/9/2023,2,4,4,2:38,0,KICKOFF - TB,TOUCHDOWN,-25,0,-45,9,10,5,16,16,2,1,P,0,COMPLETE,NCCR 11,NCCR 12,,38,-24,12,2-0-1-2,2x2,1.8,9,9,3/4/2004,R,,M,NCCR 12,,,,,HB-R,HB-R (-5),,1; NCCR 13 (HB-R),,,,R;R,17
9/9/2023,2,4,1,2:14,0,KICKOFF - TB,TOUCHDOWN,-25,0,39,9,10,6,37,37,10,1,P,0,COMPLETE,NCCR 11,NCCR 12,0,38,-24,12,2-0-1-2,2x2,2.7,5,3,3/4/2004,L,,L,NCCR 12,,(D) MDUN D35 DOF,NCCR 75,,HB-L,HB-L (-6),,1; NCCR 13 (HB-L),,,,L;R,25
9/9/2023,2,4,1,1:45,0,KICKOFF - TB,TOUCHDOWN,-25,0,2,9,10,7,0,0,2,,R,0,,NCCR 11,NCCR 11,,38,-24,12,2-0-1-2,0x4,,,3,3/4/2004,L,,,,,,,,HB-R,HB-R (-6),L,1; NCCR 13 (HB-R),OUTSIDE ZONE,SPEED OPTION,,R;R,
9/9/2023,2,4,2,1:40,0,KICKOFF - TB,TOUCHDOWN,-25,0,2,9,10,8,1,1,2,,R,0,,NCCR 11,NCCR 28,,38,-24,13,1-0-1-3,1x3,,,1,3/4/2004,L,,,,,,,,HB,HB (-7),L,1; NCCR 28 (HB),MAN,CROSS LEAD,,L;R,16
9/9/2023,2,4,3,1:26,0,KICKOFF - TB,TOUCHDOWN,-25,0,1,9,10,9,1,1,1,1,R,0,,NCCR 11,NCCR 28,,38,-24,13,1-0-1-3,1x3,,,4,3/4/2004,L,,,,,,,,HB,HB (-6),L,1; NCCR 28 (HB),MAN,CROSS LEAD,,L;R,20
9/9/2023,2,4,0,1:22,0,,,,,3,,,,,0,0,,P,0,INCOMPLETE,NCCR 11,,,38,-18,11,3-0-1-1,1x3,6.2,,,3/3/2005,L,,R,NCCR 19,,,NCCR 52,,HB-L,HB-L (-5),L,1; NCCR 28 (HB-L),,,,R,
9/9/2023,2,4,0,1:22,0,,,,,-35,,,,31,31,0,,,0,,,MDUN D04,,38,18,,,8-0-2,,,,,L,,,,,,,,,,,,,,,,15
9/16/2023,3,1,0,15:00,0,,,,,-35,,,,65,48,0,,,0,,,GAST 01,,0,0,,,6/1/2003,,,,,R,,,,,,,,,,,,,,,,
9/16/2023,3,1,1,12:41,0,PUNT - RETURN,DOWNS,-37,-44,-37,4,1,1,9,9,10,,P,0,RUN,NCCR 04,NCCR 04,,0,0,12,2-0-1-2,2x2,4.7,,0,3/4/2004,L,,X,,,,,R,HB,HB (-7),,1; NCCR 13 (HB),OUTSIDE ZONE,,,L;R,19
9/16/2023,3,1,2,12:19,0,PUNT - RETURN,DOWNS,-37,-44,-46,4,1,2,-1,-1,1,,R,0,,NCCR 04,NCCR 13,,0,0,12,2-0-1-2,4x0,,,0,3/4/2004,R,,,,,,,,HB,HB (-7),L,1; NCCR 13 (HB),NO VIDEO,,,L;L,
9/16/2023,3,1,3,11:59,0,PUNT - RETURN,DOWNS,-37,-44,-45,4,1,3,1,1,2,,R,0,,NCCR 04,NCCR 04,,0,0,12,2-0-1-2,0x3,,,1,3/4/2004,C,,,,,,,,HB; FB,HB (-6); FB (-2),U,2; NCCR 13 (HB); NCCR 35 (FB),SNEAK,,,R,26
9/16/2023,3,1,4,11:15,0,PUNT - RETURN,DOWNS,-37,-44,-46,4,1,4,-2,-2,1,,R,0,,NCCR 04,NCCR 12,,0,0,12,2-0-1-2,1x3,,,0,3/4/2004,C,,,,,,,,HB,HB (-7),R,1; NCCR 13 (HB),TRICK,,,R;R,17
9/16/2023,3,1,1,8:44,0,KICKOFF - TB,PUNT,-25,-47,-25,5,2,1,1,1,10,,P,1,COMPLETE,NCCR 11,NCCR 19,,0,-7,12,2-0-1-2,3x1,1.4,5,0,3/4/2004,L,,L,NCCR 19,,,,,HB-L,HB-L (-5),,1; NCCR 01 (HB-L),INSIDE ZONE,,,,9
9/16/2023,3,1,2,8:16,0,KICKOFF - TB,PUNT,-25,-47,-26,5,2,2,15,15,9,1,P,0,COMPLETE,NCCR 11,NCCR 18,,0,-7,12,2-0-1-2,2x2,2.1,6,2,3/4/2004,L,,M,NCCR 18,,,,,HB-R,HB-R (-5),L,1; NCCR 13 (HB-R),POWER,,,L;L,19
9/16/2023,3,1,1,7:44,0,KICKOFF - TB,PUNT,-25,-47,-41,5,2,3,1,1,10,,P,0,COMPLETE,NCCR 11,NCCR 13,,0,-7,12,2-0-1-2,1x3,1.4,7,1,3/4/2004,C,,M,NCCR 13,,,,,HB-R,HB-R (-5),,1; NCCR 13 (HB-R),,,,R,15
9/16/2023,3,1,2,7:09,0,KICKOFF - TB,PUNT,-25,-47,-42,5,2,4,5,5,9,,P,0,COMPLETE,NCCR 11,NCCR 13,,0,-7,11,3-0-1-1,3x2,2.3,3,2,3/3/2005,R,,L,NCCR 13,,,,,EMPTY,,,,,,,,13
9/16/2023,3,1,3,6:45,0,KICKOFF - TB,PUNT,-25,-47,-47,5,2,5,,0,4,,P,0,INCOMPLETE,NCCR 11,,,0,-7,11,3-0-1-1,2x2,5.1,,,3/3/2005,L,,L,NCCR 10,,,NCCR 75; NCCR 76,,HB-L,HB-L (-6),,1; NCCR 13 (HB-L),,,,L,25
9/16/2023,3,1,4,6:38,0,,,,,-47,,,,53,33,4,,,0,,,,,0,-7,,,,,,,,L,,,,,,,,L,,,,,,,,7
9/16/2023,3,2,1,14:56,0,KICKOFF - TB,INTERCEPTION,-25,38,-25,4,3,1,5,5,10,,R,0,,NCCR 11,NCCR 01,,0,-10,11,3-0-1-1,2x2,,,3,3/3/2005,R,,,,,,,,HB-L,HB-L (-6),R,1; NCCR 01 (HB-L),COUNTER,CROSS LEAD,,L,8
9/16/2023,3,2,2,14:32,0,KICKOFF - TB,INTERCEPTION,-25,38,-30,4,3,2,,0,5,,P,0,INCOMPLETE,NCCR 11,,,0,-10,11,3-0-1-1,2x2,1.5,,,3/3/2005,R,,M,NCCR 10,,,,,HB-R,HB-R (-5),R,1; NCCR 01 (HB-R),,,,R,22
9/16/2023,3,2,3,14:27,0,KICKOFF - TB,INTERCEPTION,-25,38,-30,4,3,3,32,32,5,1,P,0,COMPLETE,NCCR 11,NCCR 12,,0,-10,11,3-0-1-1,4x1,2.2,4,4,2/4/2005,R,,R,NCCR 12,,,,,EMPTY,,,,,,,L,1
9/16/2023,3,2,1,14:04,0,KICKOFF - TB,INTERCEPTION,-25,38,38,4,3,4,,0,10,,P,0,INTERCEPTION,NCCR 11,,,0,-10,11,3-0-1-1,2x2,2.5,,,3/3/2005,R,GAST D03,L,NCCR 12,,,,,HB-R,HB-R (-6),R,1; NCCR 01 (HB-R),,,,R,20
9/16/2023,3,2,1,13:43,0,KICKOFF - TB,DOWNS,-25,3,-25,12,4,1,-1,-1,10,,R,0,,NCCR 11,NCCR 00,,0,-17,11,3-0-1-1,1x2,,,0,3/3/2005,R,,,,,,,,HB; FB-R,HB (-7); FB-R (-2),L,2; NCCR 00 (HB); NCCR 18 (FB-R),MAN,CROSS LEAD,,,9
9/16/2023,3,2,2,13:10,0,KICKOFF - TB,DOWNS,-25,3,-24,12,4,2,34,34,11,1,P,0,COMPLETE,NCCR 11,NCCR 86,,0,-17,12,2-0-1-2,1x3,3.9,12,3,3/4/2004,C,,M,NCCR 86,,,,,HB-L,HB-L (-5),,1; NCCR 00 (HB-L),POWER,,,L;R,13
9/16/2023,3,2,1,12:49,0,KICKOFF - TB,DOWNS,-25,3,42,12,4,3,0,0,10,,R,0,,NCCR 11,NCCR 00,,0,-17,11,3-0-1-1,2x2,,,2,3/3/2005,R,,,,,,,,HB-L,HB-L (-6),R,1; NCCR 00 (HB-L),COUNTER,CROSS LEAD,,L,34
9/16/2023,3,2,2,12:15,0,KICKOFF - TB,DOWNS,-25,3,42,12,4,4,6,6,10,,P,0,COMPLETE,NCCR 11,NCCR 19,,0,-17,11,3-0-1-1,3x1,3.9,0,0,3/3/2005,R,,L,NCCR 19,,,,,HB-R,HB-R (-5),R,1; NCCR 00 (HB-R),,,,L,12
9/16/2023,3,2,3,11:49,0,KICKOFF - TB,DOWNS,-25,3,36,12,4,5,1,1,4,,R,0,,NCCR 11,NCCR 00,,0,-17,12,2-0-1-2,2x2,,,0,3/4/2004,L,,,,,,,,HB-R,HB-R (-5),L,1; NCCR 00 (HB-R),INSIDE ZONE,SPLIT,,R,19
9/16/2023,3,2,4,11:16,0,KICKOFF - TB,DOWNS,-25,3,35,12,4,6,17,17,3,1,P,0,COMPLETE,NCCR 11,NCCR 19,,0,-17,12,2-0-1-2,2x2,2.5,3,1,3/4/2004,L,,L,NCCR 19,,,,,HB-R,HB-R (-5),,1; NCCR 13 (HB-R),,,,L;R,
9/16/2023,3,2,1,10:42,0,KICKOFF - TB,DOWNS,-25,3,18,12,4,7,3,3,10,,R,0,,NCCR 11,NCCR 01,,0,-17,12,2-0-1-2,2x2,,,0,3/4/2004,L,,,,,,,,HB-R,HB-R (-6),R,1; NCCR 01 (HB-R),MAN,CROSS LEAD,,L;R,10
9/16/2023,3,2,2,10:11,0,KICKOFF - TB,DOWNS,-25,3,15,12,4,8,12,12,7,1,P,0,COMPLETE,NCCR 11,NCCR 18,,0,-17,11,3-0-1-1,2x2,2.1,1,1,3/4/2004,L,,M,NCCR 18,,,,,HB-R,HB-R (-5),L,1; NCCR 01 (HB-R),POWER,,,L,16
9/16/2023,3,2,1,9:30,0,KICKOFF - TB,DOWNS,-25,3,3,12,4,9,-2,-2,3,,R,0,,NCCR 11,NCCR 01,,0,-17,14,0-0-1-4,1x2,,,-1,4/4/2003,C,,,,,,,,HB; FB,HB (-7); FB (-3),L,2; NCCR 01 (HB); NCCR 35 (FB),PULL LEAD,LEAD,,L;R;R,5
9/16/2023,3,2,2,8:55,0,KICKOFF - TB,DOWNS,-25,3,5,12,4,10,4,4,5,,R,1,,NCCR 11,NCCR 01,,0,-17,12,2-0-1-2,1x3,,,3,3/4/2004,L,,,,,,,,HB-L,HB-L (-5),L,1; NCCR 01 (HB-L),INSIDE ZONE,,,L;R,13
9/16/2023,3,2,3,8:28,0,KICKOFF - TB,DOWNS,-25,3,1,12,4,11,0,0,1,,R,1,,NCCR 11,NCCR 01,,0,-17,13,1-0-1-3,1x3,,,1,4/4/2003,L,,,,,,,,HB-L,HB-L (-5),R,1; NCCR 01 (HB-L),INSIDE ZONE,SPLIT,,L;R,32
9/16/2023,3,2,4,7:43,0,KICKOFF - TB,DOWNS,-25,3,1,12,4,12,-2,-2,1,,P,0,COMPLETE,NCCR 11,NCCR 35,,0,-17,14,0-0-1-4,2x1,2.6,1,0,4/4/2003,L,,M,NCCR 35,,,,,HB; FB,HB (-7); FB (-4),,2; NCCR 01 (HB); NCCR 35 (FB),PULL LEAD,,,L;L;R,2
9/16/2023,3,2,1,5:20,0,PUNT - RETURN,FIELD GOAL,49,12,49,4,5,1,37,37,10,1,P,0,COMPLETE,NCCR 11,NCCR 19,,0,-17,12,2-0-1-2,2x2,4.5,12,2,3/4/2004,L,,M,NCCR 19,,,NCCR 55,,HB-L,HB-L (-6),,1; NCCR 01 (HB-L),UNDEFINED,,,L;R,21
9/16/2023,3,2,1,4:38,0,PUNT - RETURN,FIELD GOAL,49,12,12,4,5,2,2,2,10,,R,0,,NCCR 11,NCCR 01,,0,-17,12,2-0-1-2,2x2,,,2,3/4/2004,R,,,,,,,,HB-R,HB-R (-6),R,1; NCCR 01 (HB-R),MAN,CROSS LEAD,,L;R,7
9/16/2023,3,2,2,4:19,0,PUNT - RETURN,FIELD GOAL,49,12,10,4,5,3,3,3,8,,R,0,,NCCR 11,NCCR 01,,0,-17,12,2-0-1-2,4x0,,,2,3/4/2004,R,,,,,,,,HB,HB (-7),L,1; NCCR 01 (HB),POWER,,,L;L,27
9/16/2023,3,2,3,3:48,0,,,,,7,,,,,-5,5,,X,0,,NCCR 11,,-5,0,-17,12,2-0-1-2,3x1,,,,3/4/2004,R,,,,,NCCR 75 FST,,,HB-R,HB-R (-6),,1; NCCR 01 (HB-R),,,,L;R,17
9/16/2023,3,2,3,3:25,0,PUNT - RETURN,FIELD GOAL,49,12,12,4,5,4,,0,10,,P,0,THROWN AWAY,NCCR 11,,,0,-17,12,2-0-1-2,2x2,6.5,,,3/4/2004,R,,X,,,,NCCR 11,,HB-R,HB-R (-5),,1; NCCR 13 (HB-R),,,,R;R,5
9/16/2023,3,2,4,3:15,0,,,,,12,,,,30,0,10,,,0,,,,,0,-17,,,,,,,,R,,,,,,,,,,,,,,,,6
9/16/2023,3,2,0,3:11,0,,,,,-35,,,,64,48,0,,,0,,,GAST 01,,3,14,,,6/1/2003,,,,,L,,,,,,,,,,,,,,,,10
9/16/2023,3,2,1,1:54,2,PUNT - RETURN,TOUCHDOWN,42,0,42,7,6,1,,0,10,,P,0,INCOMPLETE,NCCR 11,,,3,-14,11,3-0-1-1,2x2,2.8,,,3/3/2005,R,,R,NCCR 19,,,,,HB-R,HB-R (-5),R,1; NCCR 13 (HB-R),,,,R,19
9/16/2023,3,2,2,1:49,2,PUNT - RETURN,TOUCHDOWN,42,0,42,7,6,2,7,7,10,,P,0,COMPLETE,NCCR 11,NCCR 10,,3,-14,11,3-0-1-1,2x2,2.8,2,1,3/3/2005,R,,M,NCCR 10,,,NCCR 52; NCCR 76,,HB-R,HB-R (-5),,1; NCCR 13 (HB-R),,,,R,18
9/16/2023,3,2,3,1:42,2,PUNT - RETURN,TOUCHDOWN,42,0,35,7,6,3,,0,3,,P,0,THROWN AWAY,NCCR 11,,,3,-14,11,3-0-1-1,3x1,3.6,,,3/3/2005,R,,X,,,,,,HB-R,HB-R (-5),L,1; NCCR 13 (HB-R),POWER,,,R,12
9/16/2023,3,2,4,1:37,2,PUNT - RETURN,TOUCHDOWN,42,0,35,7,6,4,7,7,3,1,P,0,COMPLETE,NCCR 11,NCCR 10,,3,-14,11,3-0-1-1,2x2,2.8,2,0,2/4/2005,R,,M,NCCR 10,,,NCCR 79,,HB-L,HB-L (-5),,1; NCCR 13 (HB-L),,,,L,7
9/16/2023,3,2,1,1:21,2,,,,,28,,,,,14,10,1,P,0,INCOMPLETE,NCCR 11,,14,3,-14,11,3-0-1-1,1x3,3,,,3/3/2005,L,,L,NCCR 19,,GAST D03 DPI,NCCR 13,,HB-L,HB-L (-5),L,1; NCCR 13 (HB-L),,,,R,25
9/16/2023,3,2,1,1:14,2,PUNT - RETURN,TOUCHDOWN,42,0,14,7,6,5,9,9,10,,P,0,COMPLETE,NCCR 11,NCCR 22,,3,-14,11,3-0-1-1,1x3,2.7,4,0,2/4/2005,L,,R,NCCR 22,,,,,HB-R,HB-R (-6),R,1; NCCR 13 (HB-R),,,,L,21
9/16/2023,3,2,2,1:08,2,PUNT - RETURN,TOUCHDOWN,42,0,5,7,6,6,,0,1,,P,0,INCOMPLETE,NCCR 11,,,3,-14,11,3-0-1-1,2x2,1.7,,,2/4/2005,R,,M,NCCR 10,,,,,HB-R,HB-R (-6),R,1; NCCR 13 (HB-R),,,,R,10
9/16/2023,3,2,3,1:05,2,PUNT - RETURN,TOUCHDOWN,42,0,5,7,6,7,5,5,1,1,P,1,COMPLETE,NCCR 11,NCCR 19,,3,-14,11,3-0-1-1,2x2,2.5,3,0,3/3/2005,R,,M,NCCR 19,,,,,HB-L,HB-L (-6),,1; NCCR 13 (HB-L),INSIDE ZONE,,,R,10
9/16/2023,3,2,0,1:00,0,,,,,3,,,,,0,0,,,0,,,,,9,-8,,,,,,,,C,,,,,,,,,,,,,,,,4
9/16/2023,3,2,0,1:00,0,,,,,-35,,,,56,40,0,,,0,,,,,10,7,,,6/1/2003,,,,,L,,,,,,,,,,,,,,,,14
9/16/2023,3,3,1,15:00,0,KICKOFF - TB,PUNT,-25,-41,-25,6,7,1,5,5,10,,R,1,,NCCR 11,NCCR 13,,10,-10,11,3-0-1-1,2x2,,,4,3/3/2005,L,,,,,,,,HB-R,HB-R (-5),R,1; NCCR 13 (HB-R),MAN,,,R,15
9/16/2023,3,3,2,14:33,0,KICKOFF - TB,PUNT,-25,-41,-30,6,7,2,-4,-4,5,,R,0,,NCCR 11,NCCR 13,,10,-10,11,3-0-1-1,1x3,,,-1,3/3/2005,L,,,,,,,,HB,HB (-7),L,1; NCCR 13 (HB),COUNTER,CROSS LEAD,,R,20
9/16/2023,3,3,3,13:59,0,KICKOFF - TB,PUNT,-25,-41,-26,6,7,3,12,12,9,1,P,0,COMPLETE,NCCR 11,NCCR 13,,10,-10,11,3-0-1-1,1x3,2.1,15,3,1/5/2005,L,,M,NCCR 13,,,,,HB-L,HB-L (-5),,1; NCCR 13 (HB-L),,,,,14
9/16/2023,3,3,1,13:26,0,KICKOFF - TB,PUNT,-25,-41,-38,6,7,4,,0,10,,P,0,INCOMPLETE,NCCR 11,,,10,-10,11,3-0-1-1,2x2,3.6,,,3/4/2004,L,,L,NCCR 19,,,NCCR 76,,HB-R,HB-R (-5),,1; NCCR 01 (HB-R),POWER,,,R,17
9/16/2023,3,3,2,13:18,0,KICKOFF - TB,PUNT,-25,-41,-38,6,7,5,-13,-13,10,,P,0,SACK,NCCR 11,NCCR 11,,10,-10,12,2-0-1-2,2x2,3.8,,,3/4/2004,L,,X,,,,NCCR 55,,HB-L,HB-L (-5),R,1; NCCR 01 (HB-L),,,GAST D25,L;L,8
9/16/2023,3,3,3,12:40,0,KICKOFF - TB,PUNT,-25,-41,-25,6,7,6,16,16,23,,P,0,COMPLETE,NCCR 11,NCCR 19,,10,-10,11,3-0-1-1,1x3,2.8,15,2,1/5/2005,C,,M,NCCR 19,,,,,HB-R,HB-R (-6),,1; NCCR 13 (HB-R),,,,,8
9/16/2023,3,3,4,11:56,0,,,,,-41,,,,44,52,7,,,0,,,,7,10,-10,,,,,,,,R,,,,,GAST D01 UNRd,,,R,,,,,,,,7
9/16/2023,3,3,1,10:16,0,KICKOFF - RETURN,PUNT,-22,-47,-22,4,8,1,27,27,10,1,P,0,COMPLETE,NCCR 11,NCCR 19,,10,-17,11,3-0-1-1,1x3,4,12,9,3/3/2005,L,,M,NCCR 19,,,,,HB-L,HB-L (-5),,1; NCCR 01 (HB-L),POWER,,,L,12
9/16/2023,3,3,1,9:29,0,KICKOFF - RETURN,PUNT,-22,-47,-49,4,8,2,-1,-1,10,,R,0,,NCCR 11,NCCR 01,,10,-17,11,3-0-1-1,3x1,,,0,3/3/2005,R,,,,,,,,HB-L,HB-L (-5),L,1; NCCR 01 (HB-L),MAN,CROSS LEAD,,R,2
9/16/2023,3,3,2,8:53,0,KICKOFF - RETURN,PUNT,-22,-47,-48,4,8,3,-12,-12,11,,P,0,SACK,NCCR 11,NCCR 11,,10,-17,11,3-0-1-1,2x2,5.7,,,3/3/2005,R,,X,,,,NCCR 00; NCCR 75; NCCR 76,,HB-L,HB-L (-5),R,1; NCCR 00 (HB-L),,,GAST D03,R,11
9/16/2023,3,3,3,8:20,0,KICKOFF - RETURN,PUNT,-22,-47,-36,4,8,4,11,11,23,,P,0,COMPLETE,NCCR 11,NCCR 86,,10,-17,11,3-0-1-1,3x1,4.1,7,6,2/4/2005,R,,M,NCCR 86,,,NCCR 55,,HB-R,HB-R (-6),,1; NCCR 13 (HB-R),,,,R,19
9/16/2023,3,3,4,7:36,0,,,,,-47,,,,38,33,12,,,0,,,GAST 09,,10,-17,,,,,,,,L,,,,,,,,L,,,,,,,,4
9/16/2023,3,3,1,3:47,0,KICKOFF - RETURN,TOUCHDOWN,-12,0,-12,3,9,1,18,18,10,1,R,0,,NCCR 04,NCCR 21,,10,-24,11,3-0-1-1,4x0,,,5,3/3/2005,R,,,,,,,,HB-L,HB-L (-5),L,1; NCCR 21 (HB-L),OUTSIDE ZONE,SPEED OPTION,,L,24
9/16/2023,3,3,1,3:15,0,KICKOFF - RETURN,TOUCHDOWN,-12,0,-30,3,9,2,7,12,10,1,R,0,,NCCR 04,NCCR 21,,10,-24,11,3-0-1-1,1x3,,,1,3/3/2005,L,,,,,,,,HB-L,HB-L (-5),L,1; NCCR 21 (HB-L),COUNTER,INVERTED;READ OPTION,,R,16
9/16/2023,3,3,1,2:34,0,KICKOFF - RETURN,TOUCHDOWN,-12,0,-42,3,9,3,58,58,10,1,R,0,,NCCR 04,NCCR 04,,10,-24,11,3-0-1-1,4x0,,,52,3/3/2005,R,,,,,,,,HB-L,HB-L (-6),L,1; NCCR 13 (HB-L),OUTSIDE ZONE,SPEED OPTION,,L,20
9/16/2023,3,3,0,2:21,0,,,,,3,,,,3,0,0,,P,0,COMPLETE,NCCR 04,NCCR 18,,16,-18,11,3-0-1-1,1x3,1.9,2,0,3/3/2005,L,,M,NCCR 18,,,,,HB-R,HB-R (-6),,1; NCCR 13 (HB-R),COUNTER,,,L,5
9/16/2023,3,3,0,2:21,0,,,,,-35,,,,59,40,0,,,0,,,,,18,16,,,6/1/2003,,,,,L,,,,,,,,,,,,,,,,16
9/16/2023,3,3,0,1:30,0,,,,,3,,,,3,0,0,,P,0,COMPLETE,NCCR 04,NCCR 19,-15,24,-10,12,2-0-1-2,1x3,2.5,2,0,10 Men,L,,M,NCCR 19,,NCCR 12 OPI,,,HB-L,HB-L (-6),,1; NCCR 13 (HB-L),POWER,,,L,15
9/16/2023,3,3,0,1:30,0,,,,,18,,,,,-5,0,1,,0,,,,-5,24,-10,,,,,,,,L,,,,,NCCR 56 FST,,,EMPTY,,,,,,,,15
9/16/2023,3,3,0,1:30,0,,,,,23,,,,,0,0,,,0,,,,0,24,-10,,,,,,,,L,,,,,(O) GAST D05 DOF; (O) NCCR 81 OH,,,,,,,,,,,17
9/16/2023,3,3,0,1:30,0,,,,,23,,,,,0,0,,,0,,,,,24,-10,,,,,,,,L,,,,,,,,,,,,,,,,21
9/16/2023,3,3,0,1:30,0,,,,,-35,,,,61,40,0,,,0,,,,,25,9,,,6/1/2003,,,,,L,,,,,,,,,,,,,,,,16
9/16/2023,3,4,1,12:57,0,KICKOFF - TB,PUNT,-25,-40,-25,9,10,1,3,3,10,,R,1,,NCCR 04,NCCR 00,,25,-16,11,3-0-1-1,3x1,,,6,3/3/2005,R,,,,,,,,HB-L,HB-L (-6),R,1; NCCR 00 (HB-L),MAN,,,,8
9/16/2023,3,4,2,12:26,0,KICKOFF - TB,PUNT,-25,-40,-28,9,10,2,1,1,7,,R,0,,NCCR 04,NCCR 00,,25,-16,11,3-0-1-1,4x0,,,2,3/3/2005,R,,,,,,,,HB-R,HB-R (-5),L,1; NCCR 00 (HB-R),INSIDE ZONE,SPLIT,,L,16
9/16/2023,3,4,3,11:47,0,KICKOFF - TB,PUNT,-25,-40,-29,9,10,3,5,5,6,,P,0,COMPLETE,NCCR 11,NCCR 86,,25,-16,11,3-0-1-1,2x2,2.8,0,0,3/3/2005,L,,L,NCCR 86,,,,,HB-R,HB-R (-5),,1; NCCR 13 (HB-R),,,,L,8
9/16/2023,3,4,4,10:55,0,KICKOFF - TB,PUNT,-25,-40,-34,9,10,4,4,4,1,1,R,0,,NCCR 04,NCCR 04,,25,-16,11,3-0-1-1,1x2,,,4,3/4/2004,L,,,,,,,,HB; FB,HB (-7); FB (-2),U,2; NCCR 13 (HB); NCCR 86 (FB),SNEAK,,,,6
9/16/2023,3,4,1,10:22,0,KICKOFF - TB,PUNT,-25,-40,-38,9,10,5,1,1,10,,P,0,COMPLETE,NCCR 04,NCCR 10,,25,-16,11,3-0-1-1,2x2,3.1,0,0,3/3/2005,L,,M,NCCR 10,,,,,HB-L,HB-L (-5),L,1; NCCR 01 (HB-L),,,,R,15
9/16/2023,3,4,2,9:44,0,KICKOFF - TB,PUNT,-25,-40,-39,9,10,6,4,14,9,1,P,0,RUN,NCCR 04,NCCR 04,10,25,-16,11,3-0-1-1,2x2,5.2,,0,3/3/2005,R,,X,,,GAST D29 DH,NCCR 01; NCCR 75,L,HB-L,HB-L (-5),L,1; NCCR 01 (HB-L),POWER,,,R,11
9/16/2023,3,4,1,9:18,0,KICKOFF - TB,PUNT,-25,-40,47,9,10,7,-5,-5,10,,P,0,SACK,NCCR 11,NCCR 11,,25,-16,11,3-0-1-1,2x2,3.6,,,3/3/2005,L,,X,,,,NCCR 75,,HB-L,HB-L (-5),L,1; NCCR 01 (HB-L),,,GAST D09,L,10
9/16/2023,3,4,2,8:44,0,KICKOFF - TB,PUNT,-25,-40,-48,9,10,8,-8,-8,15,,P,0,SACK,NCCR 11,NCCR 11,,25,-16,11,3-0-1-1,2x2,4,,,3/3/2005,L,,X,,,,NCCR 01,,HB-R,HB-R (-5),R,1; NCCR 01 (HB-R),,,GAST D06,L,14
9/16/2023,3,4,3,8:08,0,KICKOFF - TB,PUNT,-25,-40,-40,9,10,9,,0,23,,P,0,INCOMPLETE,NCCR 04,,,25,-16,11,3-0-1-1,1x3,3.3,,,1/5/2005,L,,M,NCCR 02,,,,,HB-R,HB-R (-5),,1; NCCR 13 (HB-R),,,,,13
9/16/2023,3,4,4,8:01,0,,,,,-40,,,,60,40,23,,,0,,,,,25,-16,,,,,,,,L,,,,,,,,R,,,,,,,,5
9/16/2023,3,4,1,2:30,2,PUNT - TB,FUMBLE,-20,-39,-20,6,11,1,19,19,10,1,P,0,COMPLETE,NCCR 04,NCCR 13,,25,-16,11,3-0-1-1,2x2,3.5,17,0,1/5/2005,R,,M,NCCR 13,,,,,HB-L,HB-L (-6),,1; NCCR 13 (HB-L),POWER,,,L,19
9/16/2023,3,4,1,2:03,2,PUNT - TB,FUMBLE,-20,-39,-39,6,11,2,,0,10,,P,0,THROWN AWAY,NCCR 04,,,25,-16,11,3-0-1-1,3x1,2.9,,,1/5/2005,R,,X,,,,,,HB-L,HB-L (-6),L,1; NCCR 13 (HB-L),,,,R,19
9/16/2023,3,4,2,1:55,2,,,,,-39,,,,-13,15,10,1,P,0,SACK,NCCR 04,NCCR 04,15,25,-16,11,3-0-1-1,2x2,4.2,,,1/5/2005,R,,X,,,GAST D17 HC,NCCR 75,,HB-R,HB-R (-5),,1; NCCR 13 (HB-R),,,GAST D17,R,9
9/16/2023,3,4,1,1:47,2,PUNT - TB,FUMBLE,-20,-39,46,6,11,3,,0,10,,P,0,BATTED PASS,NCCR 04,,,25,-16,11,3-0-1-1,2x2,1.5,,,1/5/2005,R,,X,,,,,,HB-R,HB-R (-5),,1; NCCR 13 (HB-R),,,,R,18
9/16/2023,3,4,2,1:43,2,,,,,46,,,,21,-10,10,,P,0,COMPLETE,NCCR 04,NCCR 13,-10,25,-16,11,3-0-1-1,3x1,2.7,22,1,1/5/2005,R,,M,NCCR 13,,NCCR 76 OH,,,HB-R,HB-R (-6),,1; NCCR 13 (HB-R),,,,,13
9/16/2023,3,4,2,1:27,2,PUNT - TB,FUMBLE,-20,-39,-44,6,11,4,4,4,20,,P,0,RUN,NCCR 04,NCCR 04,,25,-16,11,3-0-1-1,2x2,3.6,,7,1/5/2005,R,,X,,,,NCCR 13; NCCR 79,R,HB-R,HB-R (-6),R,1; NCCR 13 (HB-R),,,,R,17
9/16/2023,3,4,3,1:18,2,PUNT - TB,FUMBLE,-20,-39,-48,6,11,5,,0,16,,P,0,INCOMPLETE,NCCR 04,,,25,-16,11,3-0-1-1,3x1,3.6,,,1/5/2005,R,,L,NCCR 83,,,,,HB-L,HB-L (-6),L,1; NCCR 13 (HB-L),,,,R,14
9/16/2023,3,4,4,1:12,2,PUNT - TB,FUMBLE,-20,-39,-48,6,11,6,11,-9,16,,P,0,COMPLETE,NCCR 04,NCCR 10; NCCR 13; NCCR 86,,25,-16,11,3-0-1-1,2x2,4.2,-4,-4,2/4/2005,R,,M,NCCR 86,,,,,HB-R,HB-R (-6),R,1; NCCR 13 (HB-R),,,,R,2
9/23/2023,4,1,1,15:00,0,KICKOFF - TB,PUNT,-25,-32,-25,3,1,1,0,0,10,,R,0,,NCCR 04,NCCR 04,,0,0,11,3-0-1-1,2x2,,,1,3/3/2005,L,,,,,,,,HB-R,HB-R (-6),R,1; NCCR 21 (HB-R),OUTSIDE ZONE,SPEED OPTION,,R,13
9/23/2023,4,1,2,14:22,0,KICKOFF - TB,PUNT,-25,-32,-25,3,1,2,3,3,10,,P,0,COMPLETE,NCCR 04,NCCR 81,,0,0,11,3-0-1-1,3x1,1.6,4,3,3/3/2005,R,,M,NCCR 81,,,,,HB-L,HB-L (-6),,1; NCCR 21 (HB-L),,,,R,9
9/23/2023,4,1,3,13:46,0,KICKOFF - TB,PUNT,-25,-32,-28,3,1,3,4,4,7,,P,0,RUN,NCCR 04,NCCR 04,,0,0,11,3-0-1-1,1x3,5,,12,2/4/2005,C,,X,,,,NCCR 21,C,HB-L,HB-L (-5),L,1; NCCR 21 (HB-L),,,,R,11
9/23/2023,4,1,4,13:07,0,,,,,-32,,,,55,63,3,,,0,,,FLUN 01,5,0,0,,,,,,,,L,,,,,FLUN 00 DH,,,L,,,,,,,,10
9/23/2023,4,1,1,8:26,0,KICKOFF - TB,PUNT,-25,-26,-25,3,2,1,,0,10,,P,0,INCOMPLETE,NCCR 11,,,7,-7,12,2-0-1-2,3x1,3.9,,,3/4/2004,L,,M,NCCR 19,,,NCCR 75,,HB-L,HB-L (-6),,1; NCCR 13 (HB-L),COUNTER,,,L,22
9/23/2023,4,1,2,8:19,0,KICKOFF - TB,PUNT,-25,-26,-25,3,2,2,1,1,10,,R,1,,NCCR 11,NCCR 13,,7,-7,12,2-0-1-2,1x3,,,2,3/4/2004,L,,,,,,,,HB-R,HB-R (-6),L,1; NCCR 13 (HB-R),INSIDE ZONE,BACKSIDE FOLD,,L;R,6
9/23/2023,4,1,3,7:57,0,KICKOFF - TB,PUNT,-25,-26,-26,3,2,3,,0,9,,P,0,BATTED PASS,NCCR 11,,,7,-7,12,2-0-1-2,2x3,2.7,,,2/4/2005,L,,X,,,,,,EMPTY,,,,,,,,24
9/23/2023,4,1,4,7:52,0,,,,,-26,,,,60,49,9,,,0,,,FLUN 01,10,7,-7,,,,,,,,L,,,,,FLUN D29 IBW,,,L,,,,,,,,6
9/23/2023,4,1,1,4:14,0,KICKOFF - TB,PUNT,-25,-47,-25,6,3,1,,0,10,,P,0,INCOMPLETE,NCCR 11,,,10,-10,12,2-0-1-2,1x3,3.3,,,3/4/2004,L,,R,NCCR 19,,,,,HB-L,HB-L (-5),L,1; NCCR 28 (HB-L),,,,L;R,21
9/23/2023,4,1,2,4:06,0,KICKOFF - TB,PUNT,-25,-47,-25,6,3,2,2,2,10,,P,0,COMPLETE,NCCR 11,NCCR 84,,10,-10,12,2-0-1-2,2x2,3,0,0,3/4/2004,L,,L,NCCR 84,,,,,HB-R,HB-R (-5),R,1; NCCR 28 (HB-R),,,,L;R,8
9/23/2023,4,1,3,4:00,0,KICKOFF - TB,PUNT,-25,-47,-27,6,3,3,13,13,8,1,P,0,COMPLETE,NCCR 11,NCCR 18,,10,-10,12,2-0-1-2,0x4,2.9,17,2,2/4/2005,L,,M,NCCR 18,,,,,HB,HB (-7),,1; NCCR 13 (HB),POWER,,,R,9
9/23/2023,4,1,1,3:22,0,KICKOFF - TB,PUNT,-25,-47,-40,6,3,4,7,7,10,,P,0,COMPLETE,NCCR 11,NCCR 10,,10,-10,12,2-0-1-2,2x2,2.3,0,0,3/4/2004,R,,M,NCCR 10,,,,,HB-L,HB-L (-6),L,1; NCCR 13 (HB-L),,,,R;R,10
9/23/2023,4,1,2,2:42,0,KICKOFF - TB,PUNT,-25,-47,-47,6,3,5,,0,3,,P,0,INCOMPLETE,NCCR 11,,,10,-10,12,2-0-1-2,1x3,3.1,,,3/4/2004,C,,M,NCCR 10,,,,,HB-L,HB-L (-6),,1; NCCR 13 (HB-L),,,,R;R,8
9/23/2023,4,1,3,2:37,0,KICKOFF - TB,PUNT,-25,-47,-47,6,3,6,,0,3,,P,0,INCOMPLETE,NCCR 11,,,10,-10,12,2-0-1-2,3x1,2.1,,,3/3/2005,C,,M,NCCR 13,,,,,HB-R,HB-R (-6),,1; NCCR 13 (HB-R),,,,,6
9/23/2023,4,1,4,2:29,0,,,,,-47,,,,49,49,3,,,0,,,,,10,-10,,,,,,,,C,,,,,,,,L,,,,,,,,3
9/23/2023,4,2,1,12:50,0,KICKOFF - TB,PUNT,-25,-12,-25,3,4,1,-13,-13,10,,P,0,SACK,NCCR 11,NCCR 11,,13,-13,12,2-0-1-2,2x2,3,,,3/4/2004,L,,X,,,,NCCR 76,,HB,HB (-7),,1; NCCR 13 (HB),OUTSIDE ZONE,,FLUN D18; FLUN D88,L;R,11
9/23/2023,4,2,2,12:05,0,KICKOFF - TB,PUNT,-25,-12,-12,3,4,2,0,0,23,,R,0,,NCCR 11,NCCR 13,,13,-13,12,2-0-1-2,2x2,,,1,3/4/2004,L,,,,,,,,HB-L,HB-L (-6),L,1; NCCR 13 (HB-L),INSIDE ZONE,CROSS LEAD,,L;R,2
9/23/2023,4,2,3,11:24,0,KICKOFF - TB,PUNT,-25,-12,-12,3,4,3,,0,23,,P,0,HIT AS THREW,NCCR 11,,,13,-13,12,2-0-1-2,2x2,2.8,,,2/4/2005,L,,X,,,,NCCR 52,,HB-R,HB-R (-6),,1; NCCR 13 (HB-R),UNDEFINED,,,,5
9/23/2023,4,2,4,11:18,0,,,,,-12,,,,42,21,23,,,0,,,FLUN 07,,13,-13,,,,,,,,L,,,,,,,,L,,,,,,,,3
9/23/2023,4,2,1,8:21,0,KICKOFF - TB,TOUCHDOWN,-25,0,-25,8,5,1,4,4,10,,R,0,,NCCR 04,NCCR 04,,16,-16,12,2-0-1-2,3x1,,,1,3/4/2004,R,,,,,,,,HB-L,HB-L (-6),L,1; NCCR 13 (HB-L),OUTSIDE ZONE,SPEED OPTION,,L;R,17
9/23/2023,4,2,2,7:41,0,KICKOFF - TB,TOUCHDOWN,-25,0,-29,8,5,2,9,9,6,1,R,0,,NCCR 04,NCCR 04,,16,-16,12,2-0-1-2,1x4,,,3,3/4/2004,L,,,,,,,,EMPTY,,R,,POWER,INVERTED;READ OPTION,,R;R,6
9/23/2023,4,2,1,6:49,0,KICKOFF - TB,TOUCHDOWN,-25,0,-38,8,5,3,20,20,10,1,R,0,,NCCR 04,NCCR 21,,16,-16,12,2-0-1-2,1x3,,,3,3/4/2004,C,,,,,,,,HB-R,HB-R (-5),R,1; NCCR 21 (HB-R),OUTSIDE ZONE,SPEED OPTION,,L;R,
9/23/2023,4,2,1,6:04,0,KICKOFF - TB,TOUCHDOWN,-25,0,42,8,5,4,0,0,10,,R,0,,NCCR 04,NCCR 04,,16,-16,12,2-0-1-2,4x1,,,1,3/4/2004,R,,,,,,,,EMPTY,,L,,POWER,INVERTED;READ OPTION,,L;L,3
9/23/2023,4,2,2,5:25,0,KICKOFF - TB,TOUCHDOWN,-25,0,42,8,5,5,34,34,10,1,P,0,COMPLETE,NCCR 04,NCCR 18,,16,-16,12,2-0-1-2,1x3,3.2,17,2,3/4/2004,C,,R,NCCR 18,,,,,HB-R,HB-R (-6),R,1; NCCR 21 (HB-R),,,,R,6
9/23/2023,4,2,1,4:34,0,,,,,8,,,,,-5,8,,X,0,,NCCR 04,,-5,16,-16,12,2-0-1-2,4x0,,,,3/4/2004,R,,,,,NCCR 79 FST,,,HB-L,HB-L (-6),,1; NCCR 13 (HB-L),,,,L;L,1
9/23/2023,4,2,1,4:09,0,KICKOFF - TB,TOUCHDOWN,-25,0,13,8,5,6,1,1,13,,P,0,COMPLETE,NCCR 04,NCCR 81,,16,-16,12,2-0-1-2,2x2,2,2,0,3/4/2004,R,,M,NCCR 81,,,,,HB-R,HB-R (-6),,1; NCCR 13 (HB-R),,,,L,3
9/23/2023,4,2,2,3:26,0,KICKOFF - TB,TOUCHDOWN,-25,0,12,8,5,7,5,5,12,,P,0,RUN,NCCR 04,NCCR 04,,16,-16,12,2-0-1-2,4x0,4.8,,5,3/4/2004,R,,X,,,,,L,HB,HB (-7),,1; NCCR 13 (HB),OUTSIDE ZONE,,,L;L,3
9/23/2023,4,2,3,2:34,0,KICKOFF - TB,TOUCHDOWN,-25,0,7,8,5,8,7,7,7,1,R,1,,NCCR 04,NCCR 04,,16,-16,11,3-0-1-1,1x3,,,6,2/4/2005,L,,,,,,,,HB-L,HB-L (-6),L,1; NCCR 13 (HB-L),DRAW,LEAD;QB RUNS,,,20
9/23/2023,4,2,0,2:30,0,,,,,3,,,,,0,0,,,0,,,,,16,-10,,,,,,,,C,,,,,,,,,,,,,,,,17
9/23/2023,4,2,0,2:30,0,,,,,-35,,,,52,30,0,,,0,,,,,16,9,,,6-0-3,,,,,R,,,,,,,,,,,,,,,,16
9/23/2023,4,2,1,1:03,0,PUNT - FC,END OF HALF,-19,-44,-19,3,6,1,2,2,10,,P,0,RUN,NCCR 04,NCCR 04,,16,-9,11,3-0-1-1,3x1,4.5,,0,3/3/2005,R,,X,,,,,L,HB-R,HB-R (-6),,1; NCCR 13 (HB-R),,,,L,15
9/23/2023,4,2,2,0:21,0,PUNT - FC,END OF HALF,-19,-44,-21,3,6,2,30,30,8,1,R,0,,NCCR 04,NCCR 04,,16,-9,11,3-0-1-1,1x3,,,0,3/3/2005,L,,,,,,,,HB-R,HB-R (-6),R,1; NCCR 13 (HB-R),OUTSIDE ZONE,SPEED OPTION,,R,7
9/23/2023,4,2,1,0:14,0,PUNT - FC,END OF HALF,-19,-44,49,3,6,3,-7,-7,10,,P,0,SACK,NCCR 04,NCCR 04,,16,-9,11,3-0-1-1,2x2,2.6,,,3/3/2005,R,,X,,,,NCCR 13,,HB-R,HB-R (-6),R,1; NCCR 13 (HB-R),,,FLUN D06,R,15
9/23/2023,4,3,0,15:00,0,,,,,-35,,,,60,38,0,,,0,,,FLUN 07,,16,9,,,6-0-3,,,,,L,,,,,,,,,,,,,,,,
9/23/2023,4,3,1,13:52,0,FUMBLE,MISSED FG,32,37,32,3,7,1,-10,-10,10,,P,0,LATERAL,NCCR 04,NCCR 13,,16,-9,11,3-0-1-1,0x4,1.4,,0,3/3/2005,C,,M,,,,,,HB-R,HB-R (-5),,1; NCCR 13 (HB-R),,,,R,17
9/23/2023,4,3,2,13:09,0,FUMBLE,MISSED FG,32,37,42,3,7,2,5,5,20,,R,0,,NCCR 04,NCCR 04,,16,-9,11,3-0-1-1,2x2,,,5,3/3/2005,R,,,,,,,,HB-L,HB-L (-6),L,1; NCCR 13 (HB-L),OUTSIDE ZONE,SPEED OPTION,,L,3
9/23/2023,4,3,3,12:33,0,FUMBLE,MISSED FG,32,37,37,3,7,3,0,0,15,,P,0,COMPLETE,NCCR 04,NCCR 86,,16,-9,11,3-0-1-1,1x3,2.5,4,3,2/4/2005,L,,M,NCCR 86,,,,,HB,HB (-7),L,1; NCCR 13 (HB),POWER,,,R,12
9/23/2023,4,3,4,11:45,0,,,,,37,,,,55,0,15,,,0,,,,,16,-9,,,,,,,,C,,,,,,,,,,,,,,,,1
9/23/2023,4,3,1,7:27,0,KICKOFF - TB,PUNT,-25,-35,-25,6,8,1,1,1,10,,P,0,COMPLETE,NCCR 04,NCCR 18,,19,-12,12,2-0-1-2,3x1,1.9,1,0,3/4/2004,R,,M,NCCR 18,,,,,HB-R,HB-R (-6),,1; NCCR 13 (HB-R),,,,L;R,24
9/23/2023,4,3,2,6:46,0,KICKOFF - TB,PUNT,-25,-35,-26,6,8,2,4,4,9,,R,0,,NCCR 04,NCCR 13,,19,-12,12,2-0-1-2,3x1,,,3,3/4/2004,R,,,,,,,,HB-R,HB-R (-6),L,1; NCCR 13 (HB-R),INSIDE ZONE,READ OPTION;SPLIT,,L;R,6
9/23/2023,4,3,3,6:11,0,KICKOFF - TB,PUNT,-25,-35,-30,6,8,3,6,6,5,1,P,0,COMPLETE,NCCR 04,NCCR 18,,19,-12,12,2-0-1-2,3x2,1.6,1,0,3/4/2004,R,,R,NCCR 18,,,,,EMPTY,,,,,,,,11
9/23/2023,4,3,1,5:29,0,KICKOFF - TB,PUNT,-25,-35,-36,6,8,4,9,9,10,,R,0,,NCCR 04,NCCR 21,,19,-12,12,2-0-1-2,4x1,,,4,3/4/2004,R,,,,,,,,EMPTY,,L,,POWER,INVERTED;READ OPTION,,L;L,4
9/23/2023,4,3,2,4:55,0,,,,,-45,,,,,-5,1,,X,0,,NCCR 04,,-5,19,-12,12,2-0-1-2,2x2,,,,3/4/2004,L,,,,,ILS,,,HB-L,HB-L (-6),,1; NCCR 13 (HB-L),,,,L;R,13
9/23/2023,4,3,2,4:46,0,KICKOFF - TB,PUNT,-25,-35,-40,6,8,5,,0,6,,P,0,INCOMPLETE,NCCR 04,,,19,-12,12,2-0-1-2,2x2,2.2,,,3/4/2004,L,,R,NCCR 03,,,NCCR 75,,HB-L,HB-L (-6),L,1; NCCR 13 (HB-L),,,,L;R,15
9/23/2023,4,3,3,4:39,0,KICKOFF - TB,PUNT,-25,-35,-40,6,8,6,52,-5,6,,P,0,COMPLETE,NCCR 04,NCCR 19,-5,19,-12,12,2-0-1-2,2x2,7.4,9,1,2/4/2005,L,,M,NCCR 19,,NCCR 04 IFP,NCCR 52,,HB-L,HB-L (-6),L,1; NCCR 13 (HB-L),,,,L;L,1
9/23/2023,4,3,4,4:18,0,,,,,-35,,,,48,48,10,,,0,,,,,19,-12,,,,,,,,R,,,,,,,,L,,,,,,,,20
9/23/2023,4,3,1,0:13,0,FUMBLE,PUNT,-38,41,-38,9,9,1,1,1,10,,R,0,,NCCR 04,NCCR 21,,19,-12,12,2-0-1-2,2x2,,,1,3/4/2004,C,,,,,,,,HB-R,HB-R (-6),L,1; NCCR 21 (HB-R),INSIDE ZONE,READ OPTION;SPLIT,,L,12
9/23/2023,4,4,2,15:00,0,FUMBLE,PUNT,-38,41,-39,9,9,2,2,2,9,,R,0,,NCCR 04,NCCR 04,,19,-12,12,2-0-1-2,3x1,,,1,3/4/2004,C,,,,,,,,HB-L,HB-L (-5),L,1; NCCR 21 (HB-L),OUTSIDE ZONE,SPEED OPTION,,L;R,15
9/23/2023,4,4,3,14:19,0,FUMBLE,PUNT,-38,41,-41,9,9,3,6,6,7,,P,0,COMPLETE,NCCR 04,NCCR 13,,19,-12,12,2-0-1-2,2x2,2.5,7,4,2/4/2005,L,,M,NCCR 13,,,,,HB-R,HB-R (-6),,1; NCCR 13 (HB-R),,,,,4
9/23/2023,4,4,4,13:54,0,,,,,-47,,,,,5,1,1,X,0,,NCCR 04,,5,19,-12,12,2-0-1-2,0x4,,,,3/4/2004,L,,,,,FLUN D94 DOF,,,HB,HB (-7),,1; NCCR 13 (HB),,,,R;R,14
9/23/2023,4,4,1,13:54,0,FUMBLE,PUNT,-38,41,48,9,9,4,-7,-7,10,,P,0,SACK,NCCR 04,NCCR 04,,19,-12,12,2-0-1-2,1x3,4.2,,,3/4/2004,L,,X,,,,NCCR 76,,HB-R,HB-R (-6),R,1; NCCR 13 (HB-R),,,FLUN D01,R,17
9/23/2023,4,4,2,13:11,0,FUMBLE,PUNT,-38,41,-45,9,9,5,19,19,17,1,P,0,COMPLETE,NCCR 04,NCCR 81,,19,-12,12,2-0-1-2,4x0,2.8,24,2,3/3/2005,R,,M,NCCR 81,,,,,HB,HB (-7),L,1; NCCR 13 (HB),POWER,,,L,5
9/23/2023,4,4,1,12:26,0,FUMBLE,PUNT,-38,41,36,9,9,6,4,4,10,,R,0,,NCCR 04,NCCR 04,,19,-12,12,2-0-1-2,1x4,,,2,3/3/2005,L,,,,,,,,EMPTY,,R,,POWER,INVERTED;READ OPTION,,R;R,7
9/23/2023,4,4,2,11:42,0,FUMBLE,PUNT,-38,41,32,9,9,7,5,-5,6,,R,0,,NCCR 04,NCCR 04,-10,19,-12,11,3-0-1-1,0x4,,,7,3/3/2005,C,,,,,NCCR 76 OH,,,HB-L,HB-L (-5),R,1; NCCR 13 (HB-L),INSIDE ZONE,READ OPTION;SPLIT,,R,3
9/23/2023,4,4,2,11:14,0,FUMBLE,PUNT,-38,41,37,9,9,8,4,4,11,,R,0,,NCCR 04,NCCR 04,,19,-12,11,3-0-1-1,2x2,,,2,3/3/2005,L,,,,,,,,HB-R,HB-R (-6),R,1; NCCR 13 (HB-R),OUTSIDE ZONE,SPEED OPTION,,R,3
9/23/2023,4,4,3,10:41,0,FUMBLE,PUNT,-38,41,33,9,9,9,-8,-8,7,,P,0,SACK,NCCR 04,NCCR 04,,19,-12,11,3-0-1-1,3x2,2.4,,,2/4/2005,R,,X,,,,NCCR 50; NCCR 52; NCCR 79,,EMPTY,,,,,,FLUN D11; FLUN D88,,14
9/23/2023,4,4,4,9:53,0,,,,,41,,,,41,21,15,,,0,,,,,19,-12,,,,,,,,R,,,,,,,,L,,,,,,,,1
9/23/2023,4,4,1,6:34,0,PUNT - FC,PUNT,-5,-10,-5,3,10,1,-4,-4,10,,R,0,,NCCR 04,NCCR 04,,19,-12,12,2-0-1-2,3x1,,,1,3/4/2004,R,,,,,,,,HB-L,HB-L (-6),L,1; NCCR 13 (HB-L),OUTSIDE ZONE,LEAD;QB RUNS,,L;R,21
9/23/2023,4,4,2,5:53,0,PUNT - FC,PUNT,-5,-10,-1,3,10,2,3,3,14,,R,0,,NCCR 04,NCCR 04,,19,-12,12,2-0-1-2,1x2,,,3,3/4/2004,L,,,,,,,,HB; FB,HB (-7); FB (-2),U,2; NCCR 13 (HB); NCCR 18 (FB),SNEAK,,,R,4
9/23/2023,4,4,3,5:17,0,,,,,-4,,,,,-2,11,,X,0,,NCCR 04,,-2,19,-12,12,2-0-1-2,1x3,,,,2/4/2005,L,,,,,NCCR 79 FST,,,HB-L,HB-L (-6),,1; NCCR 13 (HB-L),,,,L;R,22
9/23/2023,4,4,3,4:53,0,,,,,-2,,,,,0,13,,P,0,INCOMPLETE,NCCR 04,,0,19,-12,12,2-0-1-2,2x2,2.4,,,2/4/2005,L,,R,NCCR 10,,FLUN D88 FMM; (O) NCCR 18 IDP,NCCR 75,,HB-L,HB-L (-6),L,1; NCCR 13 (HB-L),,,,L;R,5
9/23/2023,4,4,3,4:47,0,PUNT - FC,PUNT,-5,-10,-2,3,10,3,8,8,13,,P,0,COMPLETE,NCCR 04,NCCR 19,,19,-12,12,2-0-1-2,2x2,2,0,0,2/4/2005,L,,L,NCCR 19,,,NCCR 75,,HB-R,HB-R (-5),,1; NCCR 13 (HB-R),,,,L;R,5
9/23/2023,4,4,4,4:22,0,,,,,-10,,,,41,30,5,,,0,,,FLUN 01,,19,-12,,,,,,,,L,,,,,,,,R,,,,,,,,3
9/23/2023,4,4,1,2:28,2,KICKOFF - TB,DOWNS,-25,35,-25,7,11,1,10,10,10,1,P,1,COMPLETE,NCCR 04,NCCR 86,,22,-15,11,3-0-1-1,2x2,2.5,10,1,2/4/2005,L,,L,NCCR 86,,,,,HB-L,HB-L (-6),,1; NCCR 13 (HB-L),INSIDE ZONE,,,R,20
9/23/2023,4,4,1,2:05,2,KICKOFF - TB,DOWNS,-25,35,-35,7,11,2,7,7,10,,R,0,,NCCR 04,NCCR 04,,22,-15,11,3-0-1-1,2x2,,,0,2/4/2005,L,,,,,,,,HB-L,HB-L (-5),R,1; NCCR 13 (HB-L),INSIDE ZONE,READ OPTION;SPLIT,,R,23
9/23/2023,4,4,2,1:39,2,KICKOFF - TB,DOWNS,-25,35,-42,7,11,3,23,23,3,1,P,0,COMPLETE,NCCR 04,NCCR 10,,22,-15,11,3-0-1-1,1x3,3.3,7,4,3/3/2005,L,,M,NCCR 10,,,,,HB-L,HB-L (-5),,1; NCCR 13 (HB-L),,,,R,21
9/23/2023,4,4,1,1:21,2,KICKOFF - TB,DOWNS,-25,35,35,7,11,4,,0,10,,P,0,THROWN AWAY,NCCR 04,,,22,-15,11,3-0-1-1,1x3,5.8,,,3/3/2005,L,,X,,,,NCCR 76,,HB-L,HB-L (-6),L,1; NCCR 13 (HB-L),,,,R,24
9/23/2023,4,4,2,1:11,2,KICKOFF - TB,DOWNS,-25,35,35,7,11,5,,0,10,,P,0,INCOMPLETE,NCCR 04,,,22,-15,11,3-0-1-1,1x3,4,,,3/3/2005,L,,R,NCCR 19,,,NCCR 21; NCCR 52,,HB-R,HB-R (-5),R,1; NCCR 21 (HB-R),,,,L,4
9/23/2023,4,4,3,1:06,2,KICKOFF - TB,DOWNS,-25,35,35,7,11,6,,0,10,,P,0,THROWN AWAY,NCCR 04,,,22,-15,11,3-0-1-1,1x3,2.2,,,3/3/2005,L,,X,,,,NCCR 50,,HB-R,HB-R (-5),L,1; NCCR 13 (HB-R),POWER,,,R,4
9/23/2023,4,4,4,1:00,2,KICKOFF - TB,DOWNS,-25,35,35,7,11,7,,0,10,,P,0,INCOMPLETE,NCCR 04,,,22,-15,11,3-0-1-1,1x3,3.2,,,2/4/2005,L,,R,NCCR 19,,,NCCR 75; NCCR 79,,HB-L,HB-L (-5),L,1; NCCR 13 (HB-L),,,,R,4
